accession	nisin_specific_hits	cluster_call
GCA_000006865.1		not_detected
GCA_000157355.2		not_detected
GCA_000344575.1	nisA;nisB;nisC;nisI;nisP;nisR	complete_cluster
GCA_000761115.1	nisA;nisB;nisC;nisP;nisR	complete_cluster
GCA_000807375.1	nisA;nisB;nisC;nisI;nisP;nisR	complete_cluster
GCA_002804185.1	nisA;nisB;nisC;nisI;nisP;nisR	complete_cluster
GCA_002804285.1	nisA;nisB;nisC;nisI;nisP;nisR	complete_cluster
GCA_002813755.1		not_detected
GCA_002895225.1		not_detected
GCA_003722255.1		not_detected
GCA_005347505.1		not_detected
GCA_019203145.1		not_detected
GCA_019343125.1		not_detected
GCA_019967715.1		not_detected
GCA_022870765.1		not_detected
GCA_023523715.1		not_detected
GCA_025402795.1		not_detected
GCA_025402855.1		not_detected
GCA_029201225.1		not_detected
GCA_029215545.1		not_detected
GCA_030490365.1		not_detected
GCA_033954875.1		not_detected
GCA_041930275.1		not_detected
GCA_041952535.1		not_detected
GCA_043950745.1		not_detected
GCA_045039055.1		not_detected
GCA_049315075.1		not_detected
GCA_049315085.1		not_detected
GCA_049315095.1		not_detected
GCA_049315105.1		not_detected
GCA_049315135.1		not_detected
GCA_055397705.1		not_detected
GCA_055397995.1		not_detected
GCA_056487485.1		not_detected
GCA_058072705.1		not_detected
GCA_060306215.1		not_detected
GCA_060307205.1		not_detected
GCA_060307225.1		not_detected
GCA_061568495.1		not_detected
GCA_900636615.1		not_detected
GCA_905186115.1		not_detected
GCA_963280925.1		not_detected
GCA_988235375.1		not_detected
GCA_988236725.1		not_detected
GCA_988237225.1		not_detected
GCF_001298485.1		not_detected
GCF_001412695.1		not_detected
GCF_001598635.1		not_detected
GCF_001689055.2		not_detected
GCF_002208945.1		not_detected
GCF_002216705.1		not_detected
GCF_002278015.2		not_detected
GCF_002289045.2		not_detected
GCF_002290025.1		not_detected
GCF_002355755.1		not_detected
GCF_002761555.1		not_detected
GCF_002831505.1		not_detected
GCF_002850515.1		not_detected
GCF_002983785.1		not_detected
GCF_003269465.1		not_detected
GCF_003667965.1		not_detected
GCF_003711125.1		not_detected
GCF_003711605.1		not_detected
GCF_003812665.1		not_detected
GCF_004332055.1		not_detected
GCF_005484525.1		not_detected
GCF_006337145.1		not_detected
GCF_006351785.1		not_detected
GCF_006351845.1		not_detected
GCF_006364815.1		not_detected
GCF_006494835.1		not_detected
GCF_006494855.1		not_detected
GCF_006494875.1		not_detected
GCF_006766145.1		not_detected
GCF_007923665.2		not_detected
GCF_007923785.2		not_detected
GCF_007923865.2		not_detected
GCF_007923885.2		not_detected
GCF_007923905.2		not_detected
GCF_007923925.2		not_detected
GCF_007923945.2		not_detected
GCF_007923965.2		not_detected
GCF_008330605.1		not_detected
GCF_009730155.1		not_detected
GCF_009734005.1		not_detected
GCF_009938075.1		not_detected
GCF_010103655.1		not_detected
GCF_010120755.1		not_detected
GCF_011745645.1		not_detected
GCF_012045365.1		not_detected
GCF_012045505.1		not_detected
GCF_012594215.1		not_detected
GCF_013201055.1		not_detected
GCF_013344625.1		not_detected
GCF_013344645.1		not_detected
GCF_013344665.1		not_detected
GCF_013391145.1		not_detected
GCF_013391165.1		not_detected
GCF_013391185.1		not_detected
GCF_013391205.1		not_detected
GCF_013394325.1		not_detected
GCF_015377765.1		not_detected
GCF_015767695.1		not_detected
GCF_015767715.1		not_detected
GCF_016127235.1		not_detected
GCF_017280035.1		not_detected
GCF_017357805.1		not_detected
GCF_018516845.1		not_detected
GCF_019456555.1		not_detected
GCF_019456575.1		not_detected
GCF_019456595.1		not_detected
GCF_019797905.1		not_detected
GCF_020881975.1		not_detected
GCF_020906605.1		not_detected
GCF_022869705.1		not_detected
GCF_023299785.1		not_detected
GCF_023375505.1		not_detected
GCF_023612035.1		not_detected
GCF_023612275.1		not_detected
GCF_024267595.1		not_detected
GCF_025957845.1		not_detected
GCF_025957925.1		not_detected
GCF_025958025.1		not_detected
GCF_025958065.1		not_detected
GCF_025958085.1		not_detected
GCF_025958625.1		not_detected
GCF_025958845.1		not_detected
GCF_025958885.1		not_detected
GCF_026650885.1		not_detected
GCF_027915235.1		not_detected
GCF_030584585.1		not_detected
GCF_030584605.1		not_detected
GCF_030584685.1		not_detected
GCF_030643745.1		not_detected
GCF_033954895.1		not_detected
GCF_033954915.1		not_detected
GCF_036669985.1		not_detected
GCF_040745045.1		not_detected
GCF_043950735.1		not_detected
GCF_049315065.1		not_detected
GCF_049315115.1		not_detected
GCF_049315125.1		not_detected
GCF_049315145.1		not_detected
GCF_049315155.1		not_detected
GCF_049315165.1		not_detected
GCF_049315175.1		not_detected
GCF_052655065.1		not_detected
GCF_052655335.1		not_detected
GCF_052655665.1		not_detected
GCF_052656575.1		not_detected
GCF_052657825.1		not_detected
GCF_052658005.1		not_detected
GCF_053764515.1		not_detected
GCF_056487465.1		not_detected
GCF_056582645.1		not_detected
GCF_931972305.1		not_detected
GCF_988227945.1		not_detected
GCF_988227985.1		not_detected
GCF_988228025.1		not_detected
