query	pident	aln_len	qstart	qend	sstart	send	194_chr_len
smbu06_16S_copy1	100.000	1549	1	1549	1815538	1813990	2676906
smbu06_16S_copy1	99.935	1549	1	1549	2095181	2093633	2676906
smbu06_16S_copy1	99.935	1549	1	1549	2379807	2378259	2676906
smbu06_16S_copy1	99.935	1549	1	1549	2460777	2459229	2676906
smbu06_16S_copy1	99.871	1550	1	1549	475294	476843	2676906
smbu06_16S_copy1	99.806	1549	1	1549	2658658	2657110	2676906
smbu08_16S_copy1	100.000	1549	1	1549	1815538	1813990	2676906
smbu08_16S_copy1	99.935	1549	1	1549	2095181	2093633	2676906
smbu08_16S_copy1	99.935	1549	1	1549	2379807	2378259	2676906
smbu08_16S_copy1	99.935	1549	1	1549	2460777	2459229	2676906
smbu08_16S_copy1	99.871	1550	1	1549	475294	476843	2676906
smbu08_16S_copy1	99.806	1549	1	1549	2658658	2657110	2676906
external_EF102815	87.288	354	62	411	1815433	1815082	2676906
external_EF102815	87.006	354	62	411	475399	475750	2676906
external_EF102815	87.006	354	62	411	2095076	2094725	2676906
external_EF102815	87.006	354	62	411	2379702	2379351	2676906
external_EF102815	87.006	354	62	411	2460672	2460321	2676906
external_EF102815	87.006	354	62	411	2658553	2658202	2676906
external_EF100778	87.500	360	58	413	1815433	1815076	2676906
external_EF100778	86.595	373	58	426	2658553	2658183	2676906
external_EF100778	87.222	360	58	413	475399	475756	2676906
external_EF100778	87.222	360	58	413	2095076	2094719	2676906
external_EF100778	87.222	360	58	413	2379702	2379345	2676906
external_EF100778	87.222	360	58	413	2460672	2460315	2676906
