candidate	mge_locus	mge_start	mge_end	distance_bp	mge_description
smbu06GL002641	smbu06GL002608	8863	9321	26752	MULTISPECIES: IS6-like element ISS1N family transposase [Lactobacillaceae]
smbu06GL002641	smbu06GL002620	18620	18868	17205	transposase [Enterococcus lactis]
smbu06GL002641	smbu06GL002621	18925	19749	16324	IS3 family transposase [Enterococcus faecium]
smbu06GL002641	smbu06GL002629	24016	24774	11299	transposase [Enterococcus faecium]
smbu06GL002641	smbu06GL002633	29237	30145	5928	IS982-like element ISEfm1 family transposase [Enterococcus faecium]
smbu06GL002641	smbu06GL002635	30670	31200	4873	IS6 family transposase, partial [Enterococcus faecium]
smbu06GL002641	smbu06GL002636	31313	31603	4470	MULTISPECIES: transposase [Enterococcus]
smbu06GL002641	smbu06GL002637	31639	32475	3598	transposase [Enterococcus faecium]
smbu06GL002641	smbu06GL002640	34839	35747	326	MULTISPECIES: IS982-like element ISEfm1 family transposase [Enterococcus]
smbu06GL002641	smbu06GL002644	39303	40211	3066	MULTISPECIES: IS982-like element ISEfm1 family transposase [Enterococcus]
smbu06GL002641	smbu06GL002648	44010	44423	7773	DDE-type integrase/transposase/recombinase [Enterococcus faecium]
smbu06GL002641	smbu06GL002653	47317	48003	11080	transposase [Enterococcus faecium Com12]
smbu06GL002641	smbu06GL002655	49160	49450	12923	MULTISPECIES: transposase [Enterococcus]
smbu06GL002641	smbu06GL002656	49486	50322	13249	IS3 family transposase [Enterococcus faecium]
smbu06GL002641	smbu06GL002658	52214	52678	15977	recombinase family protein [Enterococcus faecium]
smbu06GL002641	smbu06GL002659	52760	53446	16523	IS431mec transposase [Enterococcus faecium DO]
smbu06GL002641	smbu06GL002663	56778	57818	20541	MULTISPECIES: replication initiator protein A [Enterococcus]
smbu06GL002641	smbu06GL002680	69940	70230	33703	MULTISPECIES: transposase [Enterococcus]
smbu06GL002641	smbu06GL002681	70266	71102	34029	IS3 family transposase [Enterococcus faecium]
smbu06GL002641	smbu06GL002682	71518	72426	35281	MULTISPECIES: IS982-like element ISEfm1 family transposase [Enterococcus]
smbu06GL002641	smbu06GL002686	74457	75326	38220	MULTISPECIES: IS30-like element IS6770 family transposase [Enterococcus]
smbu06GL002641	smbu06GL002687	75763	76941	39526	IS256-like element ISEfm2 family transposase [Enterococcus lactis]
smbu06GL002641	smbu06GL002689	78530	79153	42293	MULTISPECIES: recombinase family protein [Enterococcus]
smbu06GL002641	smbu06GL002690	79471	79809	43234	resolvase [Enterococcus faecium Com12]
smbu06GL002641	smbu06GL002692	80725	81015	44488	transposase [Enterococcus faecium]
smbu06GL002641	smbu06GL002693	81051	81887	44814	IS3 family transposase [Enterococcus durans]
smbu06GL002641	smbu06GL002704	92104	92748	55867	IS3 family transposase [Enterococcus lactis]
smbu06GL002641	smbu06GL002705	92785	92940	56548	IS3 family transposase, partial [Enterococcus faecium]
smbu06GL002641	smbu06GL002706	92976	93266	56739	MULTISPECIES: transposase [Enterococcus]
smbu06GL002641	smbu06GL002724	106619	106732	70382	resolvase [Enterococcus faecium]
smbu06GL002641	smbu06GL002728	108816	109910	72579	tyrosine recombinase, partial [Enterococcus faecium]
smbu06GL002641	smbu06GL002729	109973	110590	73736	site-specific recombinase, phage integrase family [Enterococcus faecium TX1330]
smbu06GL002641	smbu06GL002730	110998	112188	74761	MULTISPECIES: IS256-like element ISLgar5 family transposase [Enterococcus]
smbu06GL002641	smbu06GL002731	112903	113724	76666	integrase [Enterococcus durans]
smbu06GL002641	smbu06GL002732	113775	114029	77538	MULTISPECIES: transposase [Enterococcus]
smbu06GL002641	smbu06GL002733	114556	115251	78319	IS30-like element IS6770 family transposase [Enterococcus faecium]
smbu06GL002641	smbu06GL002735	115704	116042	79467	resolvase [Enterococcus faecium Com12]
smbu06GL002641	smbu06GL002737	117531	118334	81294	IS3 family transposase [Enterococcus faecium]
smbu06GL002641	smbu06GL002742	124686	125603	88449	MULTISPECIES: IS30 family transposase [Enterococcus]
smbu06GL002641	smbu06GL002743	125884	127074	89647	MULTISPECIES: IS256 family transposase [Enterococcus]
smbu06GL002679	smbu06GL002608	8863	9321	60164	MULTISPECIES: IS6-like element ISS1N family transposase [Lactobacillaceae]
smbu06GL002679	smbu06GL002620	18620	18868	50617	transposase [Enterococcus lactis]
smbu06GL002679	smbu06GL002621	18925	19749	49736	IS3 family transposase [Enterococcus faecium]
smbu06GL002679	smbu06GL002629	24016	24774	44711	transposase [Enterococcus faecium]
smbu06GL002679	smbu06GL002633	29237	30145	39340	IS982-like element ISEfm1 family transposase [Enterococcus faecium]
smbu06GL002679	smbu06GL002635	30670	31200	38285	IS6 family transposase, partial [Enterococcus faecium]
smbu06GL002679	smbu06GL002636	31313	31603	37882	MULTISPECIES: transposase [Enterococcus]
smbu06GL002679	smbu06GL002637	31639	32475	37010	transposase [Enterococcus faecium]
smbu06GL002679	smbu06GL002640	34839	35747	33738	MULTISPECIES: IS982-like element ISEfm1 family transposase [Enterococcus]
smbu06GL002679	smbu06GL002644	39303	40211	29274	MULTISPECIES: IS982-like element ISEfm1 family transposase [Enterococcus]
smbu06GL002679	smbu06GL002648	44010	44423	25062	DDE-type integrase/transposase/recombinase [Enterococcus faecium]
smbu06GL002679	smbu06GL002653	47317	48003	21482	transposase [Enterococcus faecium Com12]
smbu06GL002679	smbu06GL002655	49160	49450	20035	MULTISPECIES: transposase [Enterococcus]
smbu06GL002679	smbu06GL002656	49486	50322	19163	IS3 family transposase [Enterococcus faecium]
smbu06GL002679	smbu06GL002658	52214	52678	16807	recombinase family protein [Enterococcus faecium]
smbu06GL002679	smbu06GL002659	52760	53446	16039	IS431mec transposase [Enterococcus faecium DO]
smbu06GL002679	smbu06GL002663	56778	57818	11667	MULTISPECIES: replication initiator protein A [Enterococcus]
smbu06GL002679	smbu06GL002680	69940	70230	252	MULTISPECIES: transposase [Enterococcus]
smbu06GL002679	smbu06GL002681	70266	71102	578	IS3 family transposase [Enterococcus faecium]
smbu06GL002679	smbu06GL002682	71518	72426	1830	MULTISPECIES: IS982-like element ISEfm1 family transposase [Enterococcus]
smbu06GL002679	smbu06GL002686	74457	75326	4769	MULTISPECIES: IS30-like element IS6770 family transposase [Enterococcus]
smbu06GL002679	smbu06GL002687	75763	76941	6075	IS256-like element ISEfm2 family transposase [Enterococcus lactis]
smbu06GL002679	smbu06GL002689	78530	79153	8842	MULTISPECIES: recombinase family protein [Enterococcus]
smbu06GL002679	smbu06GL002690	79471	79809	9783	resolvase [Enterococcus faecium Com12]
smbu06GL002679	smbu06GL002692	80725	81015	11037	transposase [Enterococcus faecium]
smbu06GL002679	smbu06GL002693	81051	81887	11363	IS3 family transposase [Enterococcus durans]
smbu06GL002679	smbu06GL002704	92104	92748	22416	IS3 family transposase [Enterococcus lactis]
smbu06GL002679	smbu06GL002705	92785	92940	23097	IS3 family transposase, partial [Enterococcus faecium]
smbu06GL002679	smbu06GL002706	92976	93266	23288	MULTISPECIES: transposase [Enterococcus]
smbu06GL002679	smbu06GL002724	106619	106732	36931	resolvase [Enterococcus faecium]
smbu06GL002679	smbu06GL002728	108816	109910	39128	tyrosine recombinase, partial [Enterococcus faecium]
smbu06GL002679	smbu06GL002729	109973	110590	40285	site-specific recombinase, phage integrase family [Enterococcus faecium TX1330]
smbu06GL002679	smbu06GL002730	110998	112188	41310	MULTISPECIES: IS256-like element ISLgar5 family transposase [Enterococcus]
smbu06GL002679	smbu06GL002731	112903	113724	43215	integrase [Enterococcus durans]
smbu06GL002679	smbu06GL002732	113775	114029	44087	MULTISPECIES: transposase [Enterococcus]
smbu06GL002679	smbu06GL002733	114556	115251	44868	IS30-like element IS6770 family transposase [Enterococcus faecium]
smbu06GL002679	smbu06GL002735	115704	116042	46016	resolvase [Enterococcus faecium Com12]
smbu06GL002679	smbu06GL002737	117531	118334	47843	IS3 family transposase [Enterococcus faecium]
smbu06GL002679	smbu06GL002742	124686	125603	54998	MULTISPECIES: IS30 family transposase [Enterococcus]
smbu06GL002679	smbu06GL002743	125884	127074	56196	MULTISPECIES: IS256 family transposase [Enterococcus]
#module_region	31073-74688	43615	MGE_count=14	density=0.32/kb
#plasmid_whole	1-128837	128837	MGE_count=40	density=0.31/kb
