search	target	query	subject	pident	alen	evalue	qcov_pct	sstart	send
tblastn	smbu06_complete	nisR|Q07597	Chromosome1	34.956	226	1.48e-34	96.9	2261283	2260612
tblastn	smbu06_complete	nisR|Q07597	Chromosome1	33.772	228	1e-33	98.3	947048	946365
tblastn	smbu06_complete	nisR|Q07597	Chromosome1	31.004	229	3.98e-30	97.4	2590410	2589754
tblastn	smbu06_complete	nisR|Q07597	Chromosome1	34.061	229	6.3e-30	98.7	1004357	1005007
tblastn	smbu06_complete	nisR|Q07597	Chromosome1	30.0	230	8.29e-28	98.7	2659402	2660082
tblastn	smbu06_complete	nisR|Q07597	Chromosome1	29.464	224	6.56e-27	97.4	438902	439552
tblastn	smbu06_complete	nisR|Q07597	Chromosome1	32.889	225	1.36e-26	96.9	1818417	1817752
tblastn	smbu06_complete	nisR|Q07597	Chromosome1	29.13	230	7.54e-25	99.6	1420231	1419563
tblastn	smbu06_complete	nisR|Q07597	Chromosome1	28.448	232	4.91e-24	98.3	1023948	1024643
tblastn	smbu06_complete	nisR|Q07597	Chromosome1	28.7	223	2.35e-23	96.9	543338	543994
tblastn	smbu06_complete	nisR|Q07597	Chromosome1	28.205	117	3.41e-06	49.8	1650643	1650993
tblastn	smbu06_complete	nisR|Q07597	Chromosome1	25.641	117	4.27e-06	49.3	2419436	2419086
tblastn	smbu06_complete	nisT|Q48669	Chromosome1	25.166	604	2.64e-30	93.3	2141809	2143476
tblastn	smbu06_complete	nisT|Q48669	Chromosome1	31.818	242	8.85e-29	40.0	2404716	2405420
tblastn	smbu06_complete	nisT|Q48669	Chromosome1	23.091	550	5.32e-28	87.7	2208648	2207098
tblastn	smbu06_complete	nisT|Q48669	Chromosome1	21.754	593	1.88e-27	95.3	2448745	2447048
tblastn	smbu06_complete	nisT|Q48669	Chromosome1	26.276	392	1.1e-26	60.5	852708	853805
tblastn	smbu06_complete	nisT|Q48669	Chromosome1	23.835	558	5.85e-25	88.5	2051810	2050257
tblastn	smbu06_complete	nisT|Q48669	Chromosome1	29.388	245	1.04e-24	40.5	2209697	2208984
tblastn	smbu06_complete	nisT|Q48669	Chromosome1	24.543	383	1.33e-24	61.3	2053132	2052029
tblastn	smbu06_complete	nisT|Q48669	Chromosome1	31.579	228	3.3e-24	37.5	2445935	2445276
tblastn	smbu06_complete	nisT|Q48669	Chromosome1	32.53	249	4.11e-24	38.8	585422	586120
tblastn	smbu06_complete	nisT|Q48669	Chromosome1	34.45	209	5.93e-24	33.8	1545331	1544735
tblastn	smbu06_complete	nisT|Q48669	Chromosome1	29.461	241	8.4e-24	39.7	1193052	1192354
tblastn	smbu06_complete	nisT|Q48669	Chromosome1	26.235	324	2.15e-23	53.8	1191505	1190561
tblastn	smbu06_complete	nisT|Q48669	Chromosome1	33.333	222	5.76e-22	35.0	2266304	2265681
tblastn	smbu06_complete	nisT|Q48669	Chromosome1	31.364	220	2.25e-21	35.8	231504	230878
tblastn	smbu06_complete	nisT|Q48669	Chromosome1	25.464	377	5.12e-21	60.3	2140655	2141722
tblastn	smbu06_complete	nisT|Q48669	Chromosome1	32.159	227	6.14e-21	36.0	93770	94396
tblastn	smbu06_complete	nisT|Q48669	Chromosome1	30.078	256	2.27e-20	39.7	446634	447344
tblastn	smbu06_complete	nisT|Q48669	Chromosome1	29.524	210	5.24e-20	33.3	1139174	1138587
tblastn	smbu06_complete	nisT|Q48669	Chromosome1	29.167	216	1.06e-19	35.5	2365074	2364460
tblastn	smbu06_complete	nisT|Q48669	Chromosome1	29.461	241	3.62e-19	38.7	744429	745106
tblastn	smbu06_complete	nisT|Q48669	Chromosome1	27.459	244	4.85e-19	40.2	854888	855592
tblastn	smbu06_complete	nisT|Q48669	Chromosome1	29.646	226	6.34e-19	34.7	176588	175959
tblastn	smbu06_complete	nisT|Q48669	Chromosome1	28.085	235	1.07e-18	37.0	1421534	1422184
tblastn	smbu06_complete	nisT|Q48669	Chromosome1	27.723	202	3.58e-18	31.0	996586	997146
tblastn	smbu06_complete	nisT|Q48669	Chromosome1	27.391	230	3.83e-18	36.7	2145042	2145677
tblastn	smbu06_complete	nisT|Q48669	Chromosome1	25.221	226	4.32e-18	36.2	2119075	2119710
tblastn	smbu06_complete	nisT|Q48669	Chromosome1	28.444	225	4.48e-18	36.2	2011245	2010604
tblastn	smbu06_complete	nisT|Q48669	Chromosome1	32.273	220	6.31e-18	34.5	1612212	1611595
tblastn	smbu06_complete	nisT|Q48669	Chromosome1	27.149	221	6.42e-18	35.7	1665999	1665370
tblastn	smbu06_complete	nisT|Q48669	Chromosome1	30.556	216	7e-18	34.7	648169	648783
tblastn	smbu06_complete	nisT|Q48669	Chromosome1	31.308	214	9.06e-18	33.8	826485	827102
tblastn	smbu06_complete	nisT|Q48669	Chromosome1	26.953	256	1.67e-17	39.5	94564	95283
tblastn	smbu06_complete	nisT|Q48669	Chromosome1	30.303	231	2.99e-17	35.5	63671	64327
tblastn	smbu06_complete	nisT|Q48669	Chromosome1	29.73	222	7.56e-17	33.7	2615172	2615789
tblastn	smbu06_complete	nisT|Q48669	Chromosome1	30.328	244	8.6e-17	38.3	31610	32326
tblastn	smbu06_complete	nisT|Q48669	Chromosome1	30.093	216	3.96e-16	34.2	2172846	2172250
tblastn	smbu06_complete	nisT|Q48669	Chromosome1	26.638	229	7.59e-16	35.7	107996	108640
tblastn	smbu06_complete	nisT|Q48669	Chromosome1	29.954	217	7.86e-16	33.8	438697	438101
tblastn	smbu06_complete	nisT|Q48669	Chromosome1	28.037	214	1.35e-15	34.3	457804	458397
tblastn	smbu06_complete	nisT|Q48669	Chromosome1	30.088	226	1.8e-15	33.5	107009	107635
tblastn	smbu06_complete	nisT|Q48669	Chromosome1	26.295	251	1.92e-15	39.2	2580152	2579475
tblastn	smbu06_complete	nisT|Q48669	Chromosome1	30.653	199	3.55e-15	31.8	825711	826289
tblastn	smbu06_complete	nisT|Q48669	Chromosome1	27.948	229	6.92e-15	36.3	1453790	1453134
tblastn	smbu06_complete	nisT|Q48669	Chromosome1	25.726	241	1.02e-14	38.2	952828	953502
tblastn	smbu06_complete	nisT|Q48669	Chromosome1	26.54	211	2.06e-13	34.8	1924334	1923765
tblastn	smbu06_complete	nisT|Q48669	Chromosome1	26.695	236	5.13e-13	36.7	32709	33377
tblastn	smbu06_complete	nisT|Q48669	Chromosome1	27.863	262	5.64e-13	39.2	1784212	1784934
tblastn	smbu06_complete	nisT|Q48669	Chromosome1	23.963	217	7.41e-13	33.8	819363	819959
tblastn	smbu06_complete	nisT|Q48669	Chromosome1	27.556	225	8.94e-13	35.2	2157788	2157147
tblastn	smbu06_complete	nisT|Q48669	Plasmid1	26.667	210	3.46e-15	34.0	105190	105774
tblastn	smbu06_complete	nisT|Q48669	Plasmid1	32.857	140	4.68e-06	20.2	37740	38156
tblastn	smbu06_complete	nisF|Q48597	Chromosome1	45.813	203	3.12e-53	88.4	2592097	2591489
tblastn	smbu06_complete	nisF|Q48597	Chromosome1	40.097	207	1.28e-41	88.4	670796	670188
tblastn	smbu06_complete	nisF|Q48597	Chromosome1	39.13	207	6.84e-41	87.6	952789	953403
tblastn	smbu06_complete	nisF|Q48597	Chromosome1	35.377	212	2.02e-34	89.8	2365125	2364490
tblastn	smbu06_complete	nisF|Q48597	Chromosome1	30.66	212	1.12e-28	88.4	704397	705023
tblastn	smbu06_complete	nisF|Q48597	Chromosome1	29.577	213	3.38e-28	88.4	176633	175995
tblastn	smbu06_complete	nisF|Q48597	Chromosome1	31.579	209	7.71e-28	89.8	754539	755165
tblastn	smbu06_complete	nisF|Q48597	Chromosome1	27.982	218	3.15e-27	88.4	585446	586099
tblastn	smbu06_complete	nisF|Q48597	Chromosome1	31.1	209	1.55e-26	87.1	509860	510483
tblastn	smbu06_complete	nisF|Q48597	Chromosome1	31.22	205	4.48e-26	88.4	402277	401666
tblastn	smbu06_complete	nisF|Q48597	Chromosome1	33.333	201	3.02e-24	86.7	711123	711725
tblastn	smbu06_complete	nisF|Q48597	Chromosome1	31.776	214	5.25e-24	88.4	2580149	2579520
tblastn	smbu06_complete	nisF|Q48597	Chromosome1	30.392	204	8.55e-24	85.3	2172828	2172217
tblastn	smbu06_complete	nisF|Q48597	Chromosome1	28.194	227	1.16e-23	90.2	996580	997260
tblastn	smbu06_complete	nisF|Q48597	Chromosome1	27.358	212	1.16e-23	88.0	1139222	1138587
tblastn	smbu06_complete	nisF|Q48597	Chromosome1	28.947	228	1.84e-23	89.3	94558	95229
tblastn	smbu06_complete	nisF|Q48597	Chromosome1	31.455	213	1.96e-23	88.0	63620	64258
tblastn	smbu06_complete	nisF|Q48597	Chromosome1	27.7	213	8.46e-23	88.4	1666038	1665400
tblastn	smbu06_complete	nisF|Q48597	Chromosome1	32.093	215	9.49e-23	88.0	1612242	1611598
tblastn	smbu06_complete	nisF|Q48597	Chromosome1	28.638	213	3.21e-21	88.4	127384	128022
tblastn	smbu06_complete	nisF|Q48597	Chromosome1	28.311	219	3.81e-21	88.4	2011251	2010598
tblastn	smbu06_complete	nisF|Q48597	Chromosome1	30.5	200	4.35e-21	79.6	446634	447233
tblastn	smbu06_complete	nisF|Q48597	Chromosome1	28.962	183	6.55e-21	79.6	115066	115614
tblastn	smbu06_complete	nisF|Q48597	Chromosome1	26.761	213	1.43e-20	88.4	231516	230878
tblastn	smbu06_complete	nisF|Q48597	Chromosome1	27.885	208	1.53e-20	86.2	2508288	2507665
tblastn	smbu06_complete	nisF|Q48597	Chromosome1	22.072	222	1.75e-20	92.4	1545373	1544708
tblastn	smbu06_complete	nisF|Q48597	Chromosome1	23.744	219	2.73e-20	90.7	819318	819974
tblastn	smbu06_complete	nisF|Q48597	Chromosome1	28.205	234	1.33e-19	96.0	457750	458439
tblastn	smbu06_complete	nisF|Q48597	Chromosome1	29.146	199	1.61e-19	80.0	108020	108616
tblastn	smbu06_complete	nisF|Q48597	Chromosome1	28.019	207	2.84e-19	82.7	2157794	2157174
tblastn	smbu06_complete	nisF|Q48597	Chromosome1	27.805	205	3.24e-19	81.8	32763	33377
tblastn	smbu06_complete	nisF|Q48597	Chromosome1	27.941	204	6.49e-19	83.1	93800	94396
tblastn	smbu06_complete	nisF|Q48597	Chromosome1	25.229	218	7.63e-19	88.4	438751	438101
tblastn	smbu06_complete	nisF|Q48597	Chromosome1	26.263	198	9.23e-19	80.9	2266304	2265711
tblastn	smbu06_complete	nisF|Q48597	Chromosome1	26.887	212	1.25e-18	87.6	1785088	1785714
tblastn	smbu06_complete	nisF|Q48597	Chromosome1	24.091	220	3.14e-18	89.3	648109	648768
tblastn	smbu06_complete	nisF|Q48597	Chromosome1	27.536	207	3.55e-18	87.6	1661773	1661168
tblastn	smbu06_complete	nisF|Q48597	Chromosome1	26.728	217	3.98e-18	88.9	1059379	1060026
tblastn	smbu06_complete	nisF|Q48597	Chromosome1	27.149	221	7.59e-18	88.4	2404722	2405363
tblastn	smbu06_complete	nisF|Q48597	Chromosome1	28.814	236	2.22e-17	92.9	1453766	1453059
tblastn	smbu06_complete	nisF|Q48597	Chromosome1	26.984	189	1.07e-16	81.8	1924328	1923780
tblastn	smbu06_complete	nisF|Q48597	Chromosome1	26.872	227	1.72e-16	93.3	2197501	2198142
tblastn	smbu06_complete	nisF|Q48597	Chromosome1	25.82	244	2.07e-16	91.6	1706726	1706010
tblastn	smbu06_complete	nisF|Q48597	Chromosome1	24.766	214	3.49e-16	87.1	2119054	2119686
tblastn	smbu06_complete	nisF|Q48597	Chromosome1	30.5	200	8.24e-16	81.8	2141057	2141644
tblastn	smbu06_complete	nisF|Q48597	Chromosome1	26.238	202	1.35e-15	82.7	674213	673611
tblastn	smbu06_complete	nisF|Q48597	Chromosome1	28.431	204	1.6e-15	84.0	2447725	2447120
tblastn	smbu06_complete	nisF|Q48597	Chromosome1	27.119	236	2.51e-15	84.9	719965	719282
tblastn	smbu06_complete	nisF|Q48597	Chromosome1	27.273	209	2.98e-15	83.6	2050940	2050338
tblastn	smbu06_complete	nisF|Q48597	Chromosome1	25.893	224	6.1e-15	87.6	2615118	2615789
tblastn	smbu06_complete	nisF|Q48597	Plasmid1	32.0	200	6.88e-22	84.4	105184	105780
tblastn	smbu06_complete	nisK|Q48675	Chromosome1	25.0	244	1.69e-10	51.5	1025345	1026040
tblastn	smbu06_complete	nisK|Q48675	Chromosome1	23.462	260	3.92e-10	56.8	439867	440604
tblastn	smbu06_complete	nisK|Q48675	Chromosome1	24.155	207	1.25e-08	42.5	2589524	2588958
tblastn	smbu06_complete	nisK|Q48675	Chromosome1	25.514	243	1.12e-07	49.4	1005670	1006305
tblastn	smbu06_complete	nisK|Q48675	Chromosome1	22.072	222	3.16e-07	47.9	1418880	1418224
tblastn	smbu06_complete	nisK|Q48675	Chromosome1	24.554	224	3.19e-07	46.8	2660543	2661181
tblastn	smbu06_complete	nisK|Q48675	Chromosome1	27.451	204	1.87e-06	45.0	945306	944716
tblastn	smbu08_complete	nisR|Q07597	Chromosome1	34.956	226	1.5e-34	96.9	2222564	2221893
tblastn	smbu08_complete	nisR|Q07597	Chromosome1	33.772	228	1.02e-33	98.3	947048	946365
tblastn	smbu08_complete	nisR|Q07597	Chromosome1	31.004	229	4.03e-30	97.4	2551691	2551035
tblastn	smbu08_complete	nisR|Q07597	Chromosome1	34.061	229	6.39e-30	98.7	1004357	1005007
tblastn	smbu08_complete	nisR|Q07597	Chromosome1	30.0	230	8.4e-28	98.7	2620683	2621363
tblastn	smbu08_complete	nisR|Q07597	Chromosome1	29.464	224	6.65e-27	97.4	438902	439552
tblastn	smbu08_complete	nisR|Q07597	Chromosome1	32.889	225	1.38e-26	96.9	1779698	1779033
tblastn	smbu08_complete	nisR|Q07597	Chromosome1	29.13	230	7.65e-25	99.6	1381512	1380844
tblastn	smbu08_complete	nisR|Q07597	Chromosome1	28.448	232	4.97e-24	98.3	1023948	1024643
tblastn	smbu08_complete	nisR|Q07597	Chromosome1	28.7	223	2.38e-23	96.9	543338	543994
tblastn	smbu08_complete	nisR|Q07597	Chromosome1	28.205	117	3.45e-06	49.8	1611924	1612274
tblastn	smbu08_complete	nisR|Q07597	Chromosome1	25.641	117	4.33e-06	49.3	2380717	2380367
tblastn	smbu08_complete	nisT|Q48669	Chromosome1	25.166	604	2.68e-30	93.3	2103090	2104757
tblastn	smbu08_complete	nisT|Q48669	Chromosome1	31.818	242	8.97e-29	40.0	2365997	2366701
tblastn	smbu08_complete	nisT|Q48669	Chromosome1	23.091	550	5.39e-28	87.7	2169929	2168379
tblastn	smbu08_complete	nisT|Q48669	Chromosome1	21.754	593	1.9e-27	95.3	2410026	2408329
tblastn	smbu08_complete	nisT|Q48669	Chromosome1	26.276	392	1.12e-26	60.5	852708	853805
tblastn	smbu08_complete	nisT|Q48669	Chromosome1	23.835	558	5.93e-25	88.5	2013091	2011538
tblastn	smbu08_complete	nisT|Q48669	Chromosome1	29.388	245	1.06e-24	40.5	2170978	2170265
tblastn	smbu08_complete	nisT|Q48669	Chromosome1	24.543	383	1.35e-24	61.3	2014413	2013310
tblastn	smbu08_complete	nisT|Q48669	Chromosome1	31.579	228	3.35e-24	37.5	2407216	2406557
tblastn	smbu08_complete	nisT|Q48669	Chromosome1	32.53	249	4.16e-24	38.8	585422	586120
tblastn	smbu08_complete	nisT|Q48669	Chromosome1	34.45	209	6.01e-24	33.8	1506612	1506016
tblastn	smbu08_complete	nisT|Q48669	Chromosome1	29.461	241	8.52e-24	39.7	1193052	1192354
tblastn	smbu08_complete	nisT|Q48669	Chromosome1	26.235	324	2.18e-23	53.8	1191505	1190561
tblastn	smbu08_complete	nisT|Q48669	Chromosome1	33.333	222	5.84e-22	35.0	2227585	2226962
tblastn	smbu08_complete	nisT|Q48669	Chromosome1	31.364	220	2.28e-21	35.8	231504	230878
tblastn	smbu08_complete	nisT|Q48669	Chromosome1	25.464	377	5.19e-21	60.3	2101936	2103003
tblastn	smbu08_complete	nisT|Q48669	Chromosome1	32.159	227	6.22e-21	36.0	93770	94396
tblastn	smbu08_complete	nisT|Q48669	Chromosome1	30.078	256	2.3e-20	39.7	446634	447344
tblastn	smbu08_complete	nisT|Q48669	Chromosome1	29.524	210	5.31e-20	33.3	1139174	1138587
tblastn	smbu08_complete	nisT|Q48669	Chromosome1	29.167	216	1.08e-19	35.5	2326355	2325741
tblastn	smbu08_complete	nisT|Q48669	Chromosome1	29.461	241	3.67e-19	38.7	744429	745106
tblastn	smbu08_complete	nisT|Q48669	Chromosome1	27.459	244	4.92e-19	40.2	854888	855592
tblastn	smbu08_complete	nisT|Q48669	Chromosome1	29.646	226	6.43e-19	34.7	176588	175959
tblastn	smbu08_complete	nisT|Q48669	Chromosome1	28.085	235	1.09e-18	37.0	1382815	1383465
tblastn	smbu08_complete	nisT|Q48669	Chromosome1	27.723	202	3.63e-18	31.0	996586	997146
tblastn	smbu08_complete	nisT|Q48669	Chromosome1	27.391	230	3.89e-18	36.7	2106323	2106958
tblastn	smbu08_complete	nisT|Q48669	Chromosome1	25.221	226	4.38e-18	36.2	2080356	2080991
tblastn	smbu08_complete	nisT|Q48669	Chromosome1	28.444	225	4.54e-18	36.2	1972526	1971885
tblastn	smbu08_complete	nisT|Q48669	Chromosome1	32.273	220	6.4e-18	34.5	1573493	1572876
tblastn	smbu08_complete	nisT|Q48669	Chromosome1	27.149	221	6.51e-18	35.7	1627280	1626651
tblastn	smbu08_complete	nisT|Q48669	Chromosome1	30.556	216	7.1e-18	34.7	648169	648783
tblastn	smbu08_complete	nisT|Q48669	Chromosome1	31.308	214	9.18e-18	33.8	826485	827102
tblastn	smbu08_complete	nisT|Q48669	Chromosome1	26.953	256	1.69e-17	39.5	94564	95283
tblastn	smbu08_complete	nisT|Q48669	Chromosome1	30.303	231	3.03e-17	35.5	63671	64327
tblastn	smbu08_complete	nisT|Q48669	Chromosome1	29.73	222	7.66e-17	33.7	2576453	2577070
tblastn	smbu08_complete	nisT|Q48669	Chromosome1	30.328	244	8.72e-17	38.3	31610	32326
tblastn	smbu08_complete	nisT|Q48669	Chromosome1	30.093	216	4.01e-16	34.2	2134127	2133531
tblastn	smbu08_complete	nisT|Q48669	Chromosome1	26.638	229	7.7e-16	35.7	107996	108640
tblastn	smbu08_complete	nisT|Q48669	Chromosome1	29.954	217	7.97e-16	33.8	438697	438101
tblastn	smbu08_complete	nisT|Q48669	Chromosome1	28.037	214	1.37e-15	34.3	457804	458397
tblastn	smbu08_complete	nisT|Q48669	Chromosome1	30.088	226	1.83e-15	33.5	107009	107635
tblastn	smbu08_complete	nisT|Q48669	Chromosome1	26.295	251	1.94e-15	39.2	2541433	2540756
tblastn	smbu08_complete	nisT|Q48669	Chromosome1	30.653	199	3.6e-15	31.8	825711	826289
tblastn	smbu08_complete	nisT|Q48669	Chromosome1	27.948	229	7.01e-15	36.3	1415071	1414415
tblastn	smbu08_complete	nisT|Q48669	Chromosome1	25.726	241	1.03e-14	38.2	952828	953502
tblastn	smbu08_complete	nisT|Q48669	Chromosome1	26.54	211	2.09e-13	34.8	1885615	1885046
tblastn	smbu08_complete	nisT|Q48669	Chromosome1	26.695	236	5.21e-13	36.7	32709	33377
tblastn	smbu08_complete	nisT|Q48669	Chromosome1	27.863	262	5.72e-13	39.2	1745493	1746215
tblastn	smbu08_complete	nisT|Q48669	Chromosome1	23.963	217	7.51e-13	33.8	819363	819959
tblastn	smbu08_complete	nisT|Q48669	Chromosome1	27.556	225	9.06e-13	35.2	2119069	2118428
tblastn	smbu08_complete	nisT|Q48669	Plasmid1	26.667	210	3.51e-15	34.0	122368	122952
tblastn	smbu08_complete	nisT|Q48669	Plasmid1	32.857	140	4.74e-06	20.2	54918	55334
tblastn	smbu08_complete	nisF|Q48597	Chromosome1	45.813	203	3.17e-53	88.4	2553378	2552770
tblastn	smbu08_complete	nisF|Q48597	Chromosome1	40.097	207	1.3e-41	88.4	670796	670188
tblastn	smbu08_complete	nisF|Q48597	Chromosome1	39.13	207	6.93e-41	87.6	952789	953403
tblastn	smbu08_complete	nisF|Q48597	Chromosome1	35.377	212	2.05e-34	89.8	2326406	2325771
tblastn	smbu08_complete	nisF|Q48597	Chromosome1	30.66	212	1.14e-28	88.4	704397	705023
tblastn	smbu08_complete	nisF|Q48597	Chromosome1	29.577	213	3.43e-28	88.4	176633	175995
tblastn	smbu08_complete	nisF|Q48597	Chromosome1	31.579	209	7.81e-28	89.8	754539	755165
tblastn	smbu08_complete	nisF|Q48597	Chromosome1	27.982	218	3.2e-27	88.4	585446	586099
tblastn	smbu08_complete	nisF|Q48597	Chromosome1	31.1	209	1.57e-26	87.1	509860	510483
tblastn	smbu08_complete	nisF|Q48597	Chromosome1	31.22	205	4.54e-26	88.4	402277	401666
tblastn	smbu08_complete	nisF|Q48597	Chromosome1	33.333	201	3.06e-24	86.7	711123	711725
tblastn	smbu08_complete	nisF|Q48597	Chromosome1	31.776	214	5.32e-24	88.4	2541430	2540801
tblastn	smbu08_complete	nisF|Q48597	Chromosome1	30.392	204	8.66e-24	85.3	2134109	2133498
tblastn	smbu08_complete	nisF|Q48597	Chromosome1	28.194	227	1.18e-23	90.2	996580	997260
tblastn	smbu08_complete	nisF|Q48597	Chromosome1	27.358	212	1.18e-23	88.0	1139222	1138587
tblastn	smbu08_complete	nisF|Q48597	Chromosome1	28.947	228	1.86e-23	89.3	94558	95229
tblastn	smbu08_complete	nisF|Q48597	Chromosome1	31.455	213	1.99e-23	88.0	63620	64258
tblastn	smbu08_complete	nisF|Q48597	Chromosome1	27.7	213	8.58e-23	88.4	1627319	1626681
tblastn	smbu08_complete	nisF|Q48597	Chromosome1	32.093	215	9.62e-23	88.0	1573523	1572879
tblastn	smbu08_complete	nisF|Q48597	Chromosome1	28.638	213	3.25e-21	88.4	127384	128022
tblastn	smbu08_complete	nisF|Q48597	Chromosome1	28.311	219	3.86e-21	88.4	1972532	1971879
tblastn	smbu08_complete	nisF|Q48597	Chromosome1	30.5	200	4.41e-21	79.6	446634	447233
tblastn	smbu08_complete	nisF|Q48597	Chromosome1	28.962	183	6.64e-21	79.6	115066	115614
tblastn	smbu08_complete	nisF|Q48597	Chromosome1	26.761	213	1.45e-20	88.4	231516	230878
tblastn	smbu08_complete	nisF|Q48597	Chromosome1	27.885	208	1.55e-20	86.2	2469569	2468946
tblastn	smbu08_complete	nisF|Q48597	Chromosome1	22.072	222	1.77e-20	92.4	1506654	1505989
tblastn	smbu08_complete	nisF|Q48597	Chromosome1	23.744	219	2.77e-20	90.7	819318	819974
tblastn	smbu08_complete	nisF|Q48597	Chromosome1	28.205	234	1.35e-19	96.0	457750	458439
tblastn	smbu08_complete	nisF|Q48597	Chromosome1	29.146	199	1.63e-19	80.0	108020	108616
tblastn	smbu08_complete	nisF|Q48597	Chromosome1	28.019	207	2.88e-19	82.7	2119075	2118455
tblastn	smbu08_complete	nisF|Q48597	Chromosome1	27.805	205	3.29e-19	81.8	32763	33377
tblastn	smbu08_complete	nisF|Q48597	Chromosome1	27.941	204	6.58e-19	83.1	93800	94396
tblastn	smbu08_complete	nisF|Q48597	Chromosome1	25.229	218	7.74e-19	88.4	438751	438101
tblastn	smbu08_complete	nisF|Q48597	Chromosome1	26.263	198	9.36e-19	80.9	2227585	2226992
tblastn	smbu08_complete	nisF|Q48597	Chromosome1	26.887	212	1.27e-18	87.6	1746369	1746995
tblastn	smbu08_complete	nisF|Q48597	Chromosome1	24.091	220	3.19e-18	89.3	648109	648768
tblastn	smbu08_complete	nisF|Q48597	Chromosome1	27.536	207	3.6e-18	87.6	1623054	1622449
tblastn	smbu08_complete	nisF|Q48597	Chromosome1	26.728	217	4.04e-18	88.9	1059379	1060026
tblastn	smbu08_complete	nisF|Q48597	Chromosome1	27.149	221	7.7e-18	88.4	2366003	2366644
tblastn	smbu08_complete	nisF|Q48597	Chromosome1	28.814	236	2.25e-17	92.9	1415047	1414340
tblastn	smbu08_complete	nisF|Q48597	Chromosome1	26.984	189	1.08e-16	81.8	1885609	1885061
tblastn	smbu08_complete	nisF|Q48597	Chromosome1	26.872	227	1.74e-16	93.3	2158782	2159423
tblastn	smbu08_complete	nisF|Q48597	Chromosome1	25.82	244	2.1e-16	91.6	1668007	1667291
tblastn	smbu08_complete	nisF|Q48597	Chromosome1	24.766	214	3.54e-16	87.1	2080335	2080967
tblastn	smbu08_complete	nisF|Q48597	Chromosome1	30.5	200	8.36e-16	81.8	2102338	2102925
tblastn	smbu08_complete	nisF|Q48597	Chromosome1	26.238	202	1.37e-15	82.7	674213	673611
tblastn	smbu08_complete	nisF|Q48597	Chromosome1	28.431	204	1.62e-15	84.0	2409006	2408401
tblastn	smbu08_complete	nisF|Q48597	Chromosome1	27.119	236	2.55e-15	84.9	719965	719282
tblastn	smbu08_complete	nisF|Q48597	Chromosome1	27.273	209	3.02e-15	83.6	2012221	2011619
tblastn	smbu08_complete	nisF|Q48597	Chromosome1	25.893	224	6.18e-15	87.6	2576399	2577070
tblastn	smbu08_complete	nisF|Q48597	Plasmid1	32.0	200	6.98e-22	84.4	122362	122958
tblastn	smbu08_complete	nisK|Q48675	Chromosome1	25.0	244	1.72e-10	51.5	1025345	1026040
tblastn	smbu08_complete	nisK|Q48675	Chromosome1	23.462	260	3.97e-10	56.8	439867	440604
tblastn	smbu08_complete	nisK|Q48675	Chromosome1	24.155	207	1.27e-08	42.5	2550805	2550239
tblastn	smbu08_complete	nisK|Q48675	Chromosome1	25.514	243	1.13e-07	49.4	1005670	1006305
tblastn	smbu08_complete	nisK|Q48675	Chromosome1	22.072	222	3.21e-07	47.9	1380161	1379505
tblastn	smbu08_complete	nisK|Q48675	Chromosome1	24.554	224	3.23e-07	46.8	2621824	2622462
tblastn	smbu08_complete	nisK|Q48675	Chromosome1	27.451	204	1.89e-06	45.0	945306	944716
tblastn	F44_positive_control	nisA|V5NV19	CP024954.1:591800-606200	92.982	57	1.4e-32	100.0	556	726
tblastn	F44_positive_control	nisB|Q48673	CP024954.1:591800-606200	100.0	993	0.0	100.0	837	3815
tblastn	F44_positive_control	nisC|Q48670	CP024954.1:591800-606200	100.0	418	0.0	100.0	5612	6865
tblastn	F44_positive_control	nisI|Q48671	CP024954.1:591800-606200	100.0	245	9.39e-165	100.0	6865	7599
tblastn	F44_positive_control	nisP|Q48674	CP024954.1:591800-606200	99.853	682	0.0	100.0	7604	9649
tblastn	F44_positive_control	nisR|Q07597	CP024954.1:591800-606200	99.563	229	1.37e-155	100.0	9718	10404
tblastn	F44_positive_control	nisT|Q48669	CP024954.1:591800-606200	100.0	600	0.0	100.0	3829	5628
tblastn	F44_positive_control	nisT|Q48669	CP024954.1:591800-606200	25.551	227	1.26e-14	36.7	11848	12447
tblastn	F44_positive_control	nisF|Q48597	CP024954.1:591800-606200	99.111	225	3.76e-147	100.0	11842	12516
tblastn	F44_positive_control	nisF|Q48597	CP024954.1:591800-606200	25.551	227	3.42e-16	88.9	4882	5541
tblastn	F44_positive_control	nisE|Q48598	CP024954.1:591800-606200	98.76	242	1.47e-154	100.0	12521	13246
tblastn	F44_positive_control	nisG|Q48599	CP024954.1:591800-606200	99.533	214	4.48e-139	100.0	13236	13877
tblastn	F44_positive_control	nisK|Q48675	CP024954.1:591800-606200	99.776	447	0.0	100.0	10400	11740
blastn	F44_positive_control	CP024954.1:591800-606200	CP024954.1:591800-606200	100.0	14401	0.0	100.0	1	14401
tblastn	IL1403_negative_control	nisR|Q07597	NC_002662.1	37.054	224	5.95e-35	96.9	1639448	1638789
tblastn	IL1403_negative_control	nisR|Q07597	NC_002662.1	33.772	228	3.62e-31	96.9	403684	403013
tblastn	IL1403_negative_control	nisR|Q07597	NC_002662.1	31.304	230	1.01e-28	98.7	1030421	1031089
tblastn	IL1403_negative_control	nisR|Q07597	NC_002662.1	30.387	181	1.06e-24	78.2	1727505	1726981
tblastn	IL1403_negative_control	nisR|Q07597	NC_002662.1	32.468	231	1.78e-22	96.9	1458179	1458859
tblastn	IL1403_negative_control	nisR|Q07597	NC_002662.1	31.034	232	2.2e-20	96.9	1805521	1804868
tblastn	IL1403_negative_control	nisT|Q48669	NC_002662.1	24.638	483	5.76e-30	79.0	716903	718291
tblastn	IL1403_negative_control	nisT|Q48669	NC_002662.1	28.458	253	5.12e-28	41.5	310158	310889
tblastn	IL1403_negative_control	nisT|Q48669	NC_002662.1	32.906	234	7.41e-28	38.8	711525	712205
tblastn	IL1403_negative_control	nisT|Q48669	NC_002662.1	34.956	226	1.61e-27	37.3	84067	84720
tblastn	IL1403_negative_control	nisT|Q48669	NC_002662.1	27.49	251	1.1e-24	40.5	1305838	1305110
tblastn	IL1403_negative_control	nisT|Q48669	NC_002662.1	31.89	254	1.46e-24	40.5	297415	298128
tblastn	IL1403_negative_control	nisT|Q48669	NC_002662.1	28.063	253	1.77e-24	41.8	713311	714045
tblastn	IL1403_negative_control	nisT|Q48669	NC_002662.1	26.619	278	6.27e-24	45.3	260144	260947
tblastn	IL1403_negative_control	nisT|Q48669	NC_002662.1	28.689	244	1.35e-23	40.3	312168	312875
tblastn	IL1403_negative_control	nisT|Q48669	NC_002662.1	30.242	248	1.35e-22	39.3	1819016	1819705
tblastn	IL1403_negative_control	nisT|Q48669	NC_002662.1	32.735	223	5.12e-22	35.0	1475538	1474915
tblastn	IL1403_negative_control	nisT|Q48669	NC_002662.1	33.624	229	6.52e-22	33.8	321369	322016
tblastn	IL1403_negative_control	nisT|Q48669	NC_002662.1	26.357	258	2.27e-21	42.5	1304004	1303264
tblastn	IL1403_negative_control	nisT|Q48669	NC_002662.1	30.0	230	4.51e-21	36.5	721848	721204
tblastn	IL1403_negative_control	nisT|Q48669	NC_002662.1	25.852	352	6.15e-21	54.7	261852	262868
tblastn	IL1403_negative_control	nisT|Q48669	NC_002662.1	31.967	244	3.21e-20	39.3	2075460	2074789
tblastn	IL1403_negative_control	nisT|Q48669	NC_002662.1	31.76	233	3.92e-19	37.0	1110718	1111365
tblastn	IL1403_negative_control	nisT|Q48669	NC_002662.1	32.367	207	4.2e-19	33.5	1809484	1808894
tblastn	IL1403_negative_control	nisT|Q48669	NC_002662.1	28.631	241	5.58e-19	37.0	1909717	1909049
tblastn	IL1403_negative_control	nisT|Q48669	NC_002662.1	31.401	207	3.32e-18	33.0	1365621	1366205
tblastn	IL1403_negative_control	nisT|Q48669	NC_002662.1	31.604	212	4.68e-18	34.2	1685919	1685311
tblastn	IL1403_negative_control	nisT|Q48669	NC_002662.1	30.263	228	5.19e-18	36.5	275755	276396
tblastn	IL1403_negative_control	nisT|Q48669	NC_002662.1	31.05	219	9.63e-18	34.2	2348685	2349281
tblastn	IL1403_negative_control	nisT|Q48669	NC_002662.1	27.273	242	1.42e-17	37.3	276765	277442
tblastn	IL1403_negative_control	nisT|Q48669	NC_002662.1	26.877	253	1.67e-17	40.8	1772883	1772173
tblastn	IL1403_negative_control	nisT|Q48669	NC_002662.1	30.151	199	2.18e-17	32.2	2096855	2096298
tblastn	IL1403_negative_control	nisT|Q48669	NC_002662.1	26.378	254	2.99e-17	40.2	964279	964962
tblastn	IL1403_negative_control	nisT|Q48669	NC_002662.1	30.263	228	4.56e-17	36.2	1771866	1771213
tblastn	IL1403_negative_control	nisT|Q48669	NC_002662.1	25.263	190	1.29e-16	30.2	895044	895571
tblastn	IL1403_negative_control	nisT|Q48669	NC_002662.1	24.49	245	1.04e-15	38.3	427919	428584
tblastn	IL1403_negative_control	nisT|Q48669	NC_002662.1	25.0	212	1.31e-15	34.3	1855236	1854631
tblastn	IL1403_negative_control	nisT|Q48669	NC_002662.1	26.354	277	1.7e-15	42.2	348976	349731
tblastn	IL1403_negative_control	nisT|Q48669	NC_002662.1	29.384	211	1.93e-15	33.5	652615	652028
tblastn	IL1403_negative_control	nisT|Q48669	NC_002662.1	29.907	214	2.16e-15	33.5	999580	1000170
tblastn	IL1403_negative_control	nisT|Q48669	NC_002662.1	29.508	244	4.07e-15	38.7	326712	327404
tblastn	IL1403_negative_control	nisT|Q48669	NC_002662.1	27.854	219	1.17e-14	35.2	865030	865662
tblastn	IL1403_negative_control	nisT|Q48669	NC_002662.1	26.991	226	1.71e-14	36.7	1175708	1176343
tblastn	IL1403_negative_control	nisT|Q48669	NC_002662.1	28.333	240	2.16e-14	36.3	1910733	1910056
tblastn	IL1403_negative_control	nisT|Q48669	NC_002662.1	29.208	202	2.33e-14	33.3	204492	205034
tblastn	IL1403_negative_control	nisT|Q48669	NC_002662.1	27.778	252	4.5e-14	40.3	992458	993144
tblastn	IL1403_negative_control	nisT|Q48669	NC_002662.1	32.743	226	8.33e-14	35.5	323872	324510
tblastn	IL1403_negative_control	nisT|Q48669	NC_002662.1	25.339	221	2.01e-13	34.8	2183822	2183217
tblastn	IL1403_negative_control	nisT|Q48669	NC_002662.1	25.112	223	1.31e-12	36.7	519673	520272
tblastn	IL1403_negative_control	nisT|Q48669	NC_002662.1	28.205	195	5.01e-12	32.0	1351689	1351144
tblastn	IL1403_negative_control	nisT|Q48669	NC_002662.1	26.638	229	1.72e-11	35.0	350106	350747
tblastn	IL1403_negative_control	nisT|Q48669	NC_002662.1	28.652	178	2.49e-11	26.2	1073561	1074085
tblastn	IL1403_negative_control	nisT|Q48669	NC_002662.1	25.714	245	5.4e-11	40.5	1563930	1563259
tblastn	IL1403_negative_control	nisT|Q48669	NC_002662.1	27.933	179	1.53e-09	25.8	74787	74284
tblastn	IL1403_negative_control	nisT|Q48669	NC_002662.1	24.664	223	3.08e-09	34.8	1366359	1367000
tblastn	IL1403_negative_control	nisT|Q48669	NC_002662.1	23.188	207	4.66e-09	33.5	250758	251327
tblastn	IL1403_negative_control	nisF|Q48597	NC_002662.1	35.885	209	7.78e-36	88.4	2075460	2074834
tblastn	IL1403_negative_control	nisF|Q48597	NC_002662.1	32.195	205	1.75e-28	88.4	992464	993075
tblastn	IL1403_negative_control	nisF|Q48597	NC_002662.1	31.944	216	1.94e-28	88.4	964279	964926
tblastn	IL1403_negative_control	nisF|Q48597	NC_002662.1	35.784	204	2.47e-28	88.4	519676	520272
tblastn	IL1403_negative_control	nisF|Q48597	NC_002662.1	29.439	214	1.03e-26	88.9	1819067	1819708
tblastn	IL1403_negative_control	nisF|Q48597	NC_002662.1	31.308	214	2.75e-26	88.4	1175696	1176328
tblastn	IL1403_negative_control	nisF|Q48597	NC_002662.1	32.083	240	5.64e-26	98.2	1685970	1685263
tblastn	IL1403_negative_control	nisF|Q48597	NC_002662.1	31.308	214	6.83e-26	90.7	1835784	1835152
tblastn	IL1403_negative_control	nisF|Q48597	NC_002662.1	30.693	202	2.98e-25	87.6	937797	938384
tblastn	IL1403_negative_control	nisF|Q48597	NC_002662.1	28.505	214	1.04e-24	88.4	999595	1000236
tblastn	IL1403_negative_control	nisF|Q48597	NC_002662.1	25.822	213	1.14e-24	88.4	1855281	1854643
tblastn	IL1403_negative_control	nisF|Q48597	NC_002662.1	31.193	218	1.43e-24	88.4	721854	721204
tblastn	IL1403_negative_control	nisF|Q48597	NC_002662.1	30.198	202	1.04e-22	80.4	1909693	1909094
tblastn	IL1403_negative_control	nisF|Q48597	NC_002662.1	28.837	215	1.25e-22	88.9	865012	865653
tblastn	IL1403_negative_control	nisF|Q48597	NC_002662.1	29.817	218	2.69e-22	91.1	1351710	1351063
tblastn	IL1403_negative_control	nisF|Q48597	NC_002662.1	28.155	206	2.21e-21	88.0	250713	251327
tblastn	IL1403_negative_control	nisF|Q48597	NC_002662.1	28.632	234	2.42e-20	96.0	1110718	1111407
tblastn	IL1403_negative_control	nisF|Q48597	NC_002662.1	30.808	198	3.93e-20	80.9	1475538	1474945
tblastn	IL1403_negative_control	nisF|Q48597	NC_002662.1	28.054	221	7.79e-20	88.4	276765	277427
tblastn	IL1403_negative_control	nisF|Q48597	NC_002662.1	27.315	216	9.43e-20	88.0	2183795	2183160
tblastn	IL1403_negative_control	nisF|Q48597	NC_002662.1	24.359	234	1.75e-19	88.4	321315	322016
tblastn	IL1403_negative_control	nisF|Q48597	NC_002662.1	31.364	220	4.98e-19	88.9	713359	713994
tblastn	IL1403_negative_control	nisF|Q48597	NC_002662.1	27.826	230	6.81e-19	88.4	350049	350726
tblastn	IL1403_negative_control	nisF|Q48597	NC_002662.1	29.952	207	7.93e-19	82.7	1685181	1684561
tblastn	IL1403_negative_control	nisF|Q48597	NC_002662.1	29.954	217	1.11e-18	88.4	275755	276396
tblastn	IL1403_negative_control	nisF|Q48597	NC_002662.1	31.633	196	1.7e-18	80.0	1365621	1366205
tblastn	IL1403_negative_control	nisF|Q48597	NC_002662.1	28.39	236	3.76e-18	90.2	74835	74137
tblastn	IL1403_negative_control	nisF|Q48597	NC_002662.1	25.877	228	6.71e-18	90.7	297454	298137
tblastn	IL1403_negative_control	nisF|Q48597	NC_002662.1	24.057	212	2.92e-17	88.4	324703	325335
tblastn	IL1403_negative_control	nisF|Q48597	NC_002662.1	27.854	219	3.18e-17	87.1	326715	327350
tblastn	IL1403_negative_control	nisF|Q48597	NC_002662.1	29.032	217	1.52e-16	84.0	1910745	1910101
tblastn	IL1403_negative_control	nisF|Q48597	NC_002662.1	24.757	206	1.65e-16	84.9	427895	428512
tblastn	IL1403_negative_control	nisF|Q48597	NC_002662.1	27.411	197	1.83e-16	85.8	204468	205043
tblastn	IL1403_negative_control	nisF|Q48597	NC_002662.1	27.586	203	2.53e-16	72.9	101718	102320
tblastn	IL1403_negative_control	nisF|Q48597	NC_002662.1	29.064	203	4.59e-16	82.2	15277	15882
tblastn	IL1403_negative_control	nisF|Q48597	NC_002662.1	27.119	236	4.81e-16	91.1	1597518	1596826
tblastn	IL1403_negative_control	nisF|Q48597	NC_002662.1	25.743	202	8.4e-16	80.4	1809550	1808945
tblastn	IL1403_negative_control	nisF|Q48597	NC_002662.1	30.0	230	1.6e-15	92.0	717620	718282
tblastn	IL1403_negative_control	nisF|Q48597	NC_002662.1	28.311	219	2.42e-15	88.4	1244879	1245532
tblastn	IL1403_negative_control	nisF|Q48597	NC_002662.1	29.13	230	4.34e-15	88.4	310164	310805
tblastn	IL1403_negative_control	nisF|Q48597	NC_002662.1	28.708	209	5.19e-15	83.6	1305814	1305212
tblastn	IL1403_negative_control	nisF|Q48597	NC_002662.1	27.315	216	5.81e-15	88.4	312168	312806
tblastn	IL1403_negative_control	nisF|Q48597	NC_002662.1	26.339	224	6.1e-15	88.9	1303965	1303324
tblastn	IL1403_negative_control	nisF|Q48597	NC_002662.1	29.858	211	2.18e-14	83.1	84058	84654
tblastn	IL1403_negative_control	nisF|Q48597	NC_002662.1	27.35	234	3.26e-14	86.2	1073528	1074214
tblastn	IL1403_negative_control	nisF|Q48597	NC_002662.1	23.83	235	3.48e-14	92.0	349048	349731
tblastn	IL1403_negative_control	nisF|Q48597	NC_002662.1	23.671	207	4.01e-14	80.9	1366380	1366994
tblastn	IL1403_negative_control	nisF|Q48597	NC_002662.1	25.551	227	9.99e-14	88.9	1771866	1771201
tblastn	IL1403_negative_control	nisF|Q48597	NC_002662.1	25.0	216	1.26e-13	84.9	262185	262799
tblastn	IL1403_negative_control	nisF|Q48597	NC_002662.1	24.545	220	5.22e-13	88.4	2348631	2349275
tblastn	IL1403_negative_control	nisK|Q48675	NC_002662.1	23.588	301	2.59e-09	64.2	1638139	1637294
tblastn	IL1403_negative_control	nisK|Q48675	NC_002662.1	25.862	232	4.67e-06	47.9	1726198	1725554
tblastn	IL1403_negative_control	nisK|Q48675	NC_002662.1	22.897	214	6.98e-06	46.3	1032321	1032935
