region	functional_module	n_genes	genes
prophage_smbu06_38.7kb	lysogeny	4	smbu06GL001245(378aa,MULTISPECIES: site-specific integrase [E);smbu06GL001248(130aa,MULTISPECIES: helix-turn-helix transcrip);smbu06GL001256(313aa,YqaJ viral recombinase family protein [E);smbu06GL001257(296aa,MULTISPECIES: recombinase RecT [Enteroco)
prophage_smbu06_38.7kb	hypothetical	33	smbu06GL001246(197aa,hypothetical protein [Enterococcus thail);smbu06GL001247(142aa,MULTISPECIES: ImmA/IrrE family metallo-e);smbu06GL001249(71aa,MULTISPECIES: helix-turn-helix domain-co);smbu06GL001250(89aa,MULTISPECIES: hypothetical protein [Ente);smbu06GL001251(67aa,predicted protein [Enterococcus faecium );smbu06GL001252(50aa,MULTISPECIES: hypothetical protein [Ente);smbu06GL001253(181aa,MULTISPECIES: hypothetical protein [Ente);smbu06GL001254(94aa,MULTISPECIES: DNA-binding protein [Enter);smbu06GL001255(55aa,MULTISPECIES: hypothetical protein [Ente);smbu06GL001258(267aa,MULTISPECIES: DnaD domain protein [Enter);smbu06GL001259(121aa,MULTISPECIES: DUF1064 domain-containing );smbu06GL001260(53aa,MULTISPECIES: hypothetical protein [Ente);smbu06GL001261(105aa,hypothetical protein [Enterococcus faeci);smbu06GL001262(239aa,DUF1642 domain-containing protein [Enter);smbu06GL001263(37aa,MULTISPECIES: hypothetical protein [Ente);smbu06GL001264(67aa,toxin PIN [Enterococcus faecium]);smbu06GL001265(98aa,hypothetical protein [Enterococcus faeci);smbu06GL001266(59aa,predicted protein [Enterococcus faecium );smbu06GL001267(213aa,MULTISPECIES: hypothetical protein [Ente);smbu06GL001268(52aa,hypothetical protein NUITMVRE1_07920 [En);smbu06GL001269(37aa,hypothetical protein);smbu06GL001270(50aa,MULTISPECIES: hypothetical protein [Ente);smbu06GL001276(290aa,MULTISPECIES: hypothetical protein [Ente);smbu06GL001277(72aa,Ig-like domain-containing protein [Enter);smbu06GL001278(131aa,MULTISPECIES: hypothetical protein [Ente);smbu06GL001281(155aa,MULTISPECIES: hypothetical protein [Ente);smbu06GL001282(126aa,MULTISPECIES: hypothetical protein [Ente);smbu06GL001283(206aa,MULTISPECIES: Gp15 family bacteriophage );smbu06GL001287(350aa,hypothetical protein [Enterococcus faeci);smbu06GL001289(148aa,MULTISPECIES: hypothetical protein [Ente);smbu06GL001290(45aa,conserved hypothetical protein [Enteroco);smbu06GL001294(363aa,hypothetical protein [Enterococcus faeci);smbu06GL001295(37aa,hypothetical protein HMPREF0352_1542 [En)
prophage_smbu06_38.7kb	DNA_packaging	3	smbu06GL001271(246aa,phage terminase small subunit [Enterococ);smbu06GL001272(441aa,PBSX family phage terminase large subuni);smbu06GL001273(602aa,phage portal protein [Enterococcus faeci)
prophage_smbu06_38.7kb	head	3	smbu06GL001274(378aa,phage minor capsid protein [Enterococcus);smbu06GL001279(85aa,minor capsid protein [Enterococcus faeci);smbu06GL001280(94aa,minor capsid protein [Enterococcus faeci)
prophage_smbu06_38.7kb	tail	5	smbu06GL001275(194aa,phage minor structural protein [Enteroco);smbu06GL001284(1483aa,tape measure protein [Enterococcus lacti);smbu06GL001285(275aa,phage tail family protein [Enterococcus );smbu06GL001286(339aa,phage tail protein [Enterococcus lactis]);smbu06GL001288(728aa,BppU family phage baseplate upper protei)
prophage_smbu06_38.7kb	lysis	3	smbu06GL001291(80aa,MULTISPECIES: hemolysin XhlA family prot);smbu06GL001292(65aa,MULTISPECIES: phage holin [Enterococcus]);smbu06GL001293(339aa,N-acetylmuramoyl-L-alanine amidase [Ente)
plasmid2_smbu08_77.4kb	hypothetical	66	smbu08GL002694(363aa,hypothetical protein [Enterococcus faeci);smbu08GL002698(45aa,conserved hypothetical protein [Enteroco);smbu08GL002699(148aa,MULTISPECIES: hypothetical protein [Ente);smbu08GL002701(350aa,hypothetical protein [Enterococcus faeci);smbu08GL002705(206aa,MULTISPECIES: Gp15 family bacteriophage );smbu08GL002706(126aa,MULTISPECIES: hypothetical protein [Ente);smbu08GL002707(155aa,MULTISPECIES: hypothetical protein [Ente);smbu08GL002710(131aa,MULTISPECIES: hypothetical protein [Ente);smbu08GL002711(72aa,Ig-like domain-containing protein [Enter);smbu08GL002712(290aa,MULTISPECIES: hypothetical protein [Ente);smbu08GL002718(50aa,MULTISPECIES: hypothetical protein [Ente);smbu08GL002719(37aa,hypothetical protein);smbu08GL002720(52aa,hypothetical protein NUITMVRE1_07920 [En);smbu08GL002721(213aa,MULTISPECIES: hypothetical protein [Ente);smbu08GL002722(59aa,predicted protein [Enterococcus faecium );smbu08GL002723(98aa,hypothetical protein [Enterococcus faeci);smbu08GL002724(45aa,hypothetical protein [Enterococcus faeci);smbu08GL002725(67aa,toxin PIN [Enterococcus faecium]);smbu08GL002726(37aa,MULTISPECIES: hypothetical protein [Ente);smbu08GL002727(239aa,DUF1642 domain-containing protein [Enter);smbu08GL002728(105aa,hypothetical protein [Enterococcus faeci);smbu08GL002729(53aa,MULTISPECIES: hypothetical protein [Ente);smbu08GL002730(121aa,MULTISPECIES: DUF1064 domain-containing );smbu08GL002731(267aa,MULTISPECIES: DnaD domain protein [Enter);smbu08GL002734(55aa,MULTISPECIES: hypothetical protein [Ente);smbu08GL002735(94aa,MULTISPECIES: DNA-binding protein [Enter);smbu08GL002736(181aa,MULTISPECIES: hypothetical protein [Ente);smbu08GL002737(50aa,MULTISPECIES: hypothetical protein [Ente);smbu08GL002738(73aa,predicted protein [Enterococcus faecium );smbu08GL002739(89aa,MULTISPECIES: hypothetical protein [Ente);smbu08GL002740(71aa,MULTISPECIES: helix-turn-helix domain-co);smbu08GL002742(142aa,MULTISPECIES: ImmA/IrrE family metallo-e);smbu08GL002743(197aa,hypothetical protein [Enterococcus thail);smbu08GL002745(363aa,hypothetical protein [Enterococcus faeci);smbu08GL002749(45aa,conserved hypothetical protein [Enteroco);smbu08GL002750(148aa,MULTISPECIES: hypothetical protein [Ente);smbu08GL002752(350aa,hypothetical protein [Enterococcus faeci);smbu08GL002756(206aa,MULTISPECIES: Gp15 family bacteriophage );smbu08GL002757(126aa,MULTISPECIES: hypothetical protein [Ente);smbu08GL002758(155aa,MULTISPECIES: hypothetical protein [Ente);smbu08GL002761(131aa,MULTISPECIES: hypothetical protein [Ente);smbu08GL002762(72aa,Ig-like domain-containing protein [Enter);smbu08GL002763(290aa,MULTISPECIES: hypothetical protein [Ente);smbu08GL002769(50aa,MULTISPECIES: hypothetical protein [Ente);smbu08GL002770(37aa,hypothetical protein);smbu08GL002771(52aa,hypothetical protein NUITMVRE1_07920 [En);smbu08GL002772(213aa,MULTISPECIES: hypothetical protein [Ente);smbu08GL002773(59aa,predicted protein [Enterococcus faecium );smbu08GL002774(98aa,hypothetical protein [Enterococcus faeci);smbu08GL002775(45aa,hypothetical protein [Enterococcus faeci);smbu08GL002776(67aa,toxin PIN [Enterococcus faecium]);smbu08GL002777(37aa,MULTISPECIES: hypothetical protein [Ente);smbu08GL002778(239aa,DUF1642 domain-containing protein [Enter);smbu08GL002779(105aa,hypothetical protein [Enterococcus faeci);smbu08GL002780(53aa,MULTISPECIES: hypothetical protein [Ente);smbu08GL002781(121aa,MULTISPECIES: DUF1064 domain-containing );smbu08GL002782(267aa,MULTISPECIES: DnaD domain protein [Enter);smbu08GL002785(55aa,MULTISPECIES: hypothetical protein [Ente);smbu08GL002786(94aa,MULTISPECIES: DNA-binding protein [Enter);smbu08GL002787(181aa,MULTISPECIES: hypothetical protein [Ente);smbu08GL002788(50aa,MULTISPECIES: hypothetical protein [Ente);smbu08GL002789(73aa,predicted protein [Enterococcus faecium );smbu08GL002790(89aa,MULTISPECIES: hypothetical protein [Ente);smbu08GL002791(71aa,MULTISPECIES: helix-turn-helix domain-co);smbu08GL002793(142aa,MULTISPECIES: ImmA/IrrE family metallo-e);smbu08GL002794(197aa,hypothetical protein [Enterococcus thail)
plasmid2_smbu08_77.4kb	lysis	6	smbu08GL002695(339aa,N-acetylmuramoyl-L-alanine amidase [Ente);smbu08GL002696(65aa,MULTISPECIES: phage holin [Enterococcus]);smbu08GL002697(80aa,MULTISPECIES: hemolysin XhlA family prot);smbu08GL002746(339aa,N-acetylmuramoyl-L-alanine amidase [Ente);smbu08GL002747(65aa,MULTISPECIES: phage holin [Enterococcus]);smbu08GL002748(80aa,MULTISPECIES: hemolysin XhlA family prot)
plasmid2_smbu08_77.4kb	tail	10	smbu08GL002700(728aa,BppU family phage baseplate upper protei);smbu08GL002702(339aa,phage tail protein [Enterococcus lactis]);smbu08GL002703(275aa,phage tail family protein [Enterococcus );smbu08GL002704(1493aa,tape measure protein [Enterococcus lacti);smbu08GL002713(194aa,phage minor structural protein [Enteroco);smbu08GL002751(728aa,BppU family phage baseplate upper protei);smbu08GL002753(339aa,phage tail protein [Enterococcus lactis]);smbu08GL002754(275aa,phage tail family protein [Enterococcus );smbu08GL002755(1493aa,tape measure protein [Enterococcus lacti);smbu08GL002764(194aa,phage minor structural protein [Enteroco)
plasmid2_smbu08_77.4kb	head	6	smbu08GL002708(108aa,minor capsid protein [Enterococcus faeci);smbu08GL002709(85aa,minor capsid protein [Enterococcus faeci);smbu08GL002714(378aa,phage minor capsid protein [Enterococcus);smbu08GL002759(108aa,minor capsid protein [Enterococcus faeci);smbu08GL002760(85aa,minor capsid protein [Enterococcus faeci);smbu08GL002765(378aa,phage minor capsid protein [Enterococcus)
plasmid2_smbu08_77.4kb	DNA_packaging	6	smbu08GL002715(602aa,phage portal protein [Enterococcus faeci);smbu08GL002716(441aa,PBSX family phage terminase large subuni);smbu08GL002717(246aa,phage terminase small subunit [Enterococ);smbu08GL002766(602aa,phage portal protein [Enterococcus faeci);smbu08GL002767(441aa,PBSX family phage terminase large subuni);smbu08GL002768(246aa,phage terminase small subunit [Enterococ)
plasmid2_smbu08_77.4kb	lysogeny	8	smbu08GL002732(296aa,MULTISPECIES: recombinase RecT [Enteroco);smbu08GL002733(318aa,YqaJ viral recombinase family protein [E);smbu08GL002741(130aa,MULTISPECIES: helix-turn-helix transcrip);smbu08GL002744(378aa,MULTISPECIES: site-specific integrase [E);smbu08GL002783(296aa,MULTISPECIES: recombinase RecT [Enteroco);smbu08GL002784(318aa,YqaJ viral recombinase family protein [E);smbu08GL002792(130aa,MULTISPECIES: helix-turn-helix transcrip);smbu08GL002795(378aa,MULTISPECIES: site-specific integrase [E)
