region	chrom	locus_tag	start	end	strand	length_nt	length_aa	product	db_xref
plasmid2	Plasmid2	smbu08GL002694	1680	2771	-	1092	363	hypothetical protein	
plasmid2	Plasmid2	smbu08GL002695	2971	3990	-	1020	339	N-acetylmuramoyl-L-alanine amidase	UniProtKB/Swiss-Prot:Q38135
plasmid2	Plasmid2	smbu08GL002696	4001	4198	-	198	65	hypothetical protein	
plasmid2	Plasmid2	smbu08GL002697	4214	4456	-	243	80	hypothetical protein	
plasmid2	Plasmid2	smbu08GL002698	4491	4628	-	138	45	hypothetical protein	
plasmid2	Plasmid2	smbu08GL002699	4630	5076	-	447	148	hypothetical protein	
plasmid2	Plasmid2	smbu08GL002700	5088	7274	-	2187	728	hypothetical protein	
plasmid2	Plasmid2	smbu08GL002701	7274	8326	-	1053	350	hypothetical protein	
plasmid2	Plasmid2	smbu08GL002702	8327	9346	-	1020	339	hypothetical protein	
plasmid2	Plasmid2	smbu08GL002703	9355	10182	-	828	275	hypothetical protein	
plasmid2	Plasmid2	smbu08GL002704	10172	14653	-	4482	1493	hypothetical protein	
plasmid2	Plasmid2	smbu08GL002705	14666	15286	-	621	206	hypothetical protein	
plasmid2	Plasmid2	smbu08GL002706	15291	15671	-	381	126	hypothetical protein	
plasmid2	Plasmid2	smbu08GL002707	16044	16511	-	468	155	hypothetical protein	
plasmid2	Plasmid2	smbu08GL002708	16524	16850	-	327	108	hypothetical protein	
plasmid2	Plasmid2	smbu08GL002709	16916	17173	-	258	85	hypothetical protein	
plasmid2	Plasmid2	smbu08GL002710	17595	17990	-	396	131	hypothetical protein	
plasmid2	Plasmid2	smbu08GL002711	18028	18246	-	219	72	hypothetical protein	
plasmid2	Plasmid2	smbu08GL002712	18291	19163	-	873	290	hypothetical protein	
plasmid2	Plasmid2	smbu08GL002713	19182	19766	-	585	194	hypothetical protein	
plasmid2	Plasmid2	smbu08GL002714	19868	21004	-	1137	378	Structural protein	UniProtKB/Swiss-Prot:Q04765
plasmid2	Plasmid2	smbu08GL002715	21007	22815	-	1809	602	hypothetical protein	
plasmid2	Plasmid2	smbu08GL002716	22809	24134	-	1326	441	hypothetical protein	
plasmid2	Plasmid2	smbu08GL002717	24100	24840	-	741	246	Uncharacterized protein YqaS	UniProtKB/Swiss-Prot:P45915
plasmid2	Plasmid2	smbu08GL002718	24853	25005	-	153	50	hypothetical protein	
plasmid2	Plasmid2	smbu08GL002719	25614	25727	+	114	37	hypothetical protein	
plasmid2	Plasmid2	smbu08GL002720	26212	26370	-	159	52	hypothetical protein	
plasmid2	Plasmid2	smbu08GL002721	26854	27495	-	642	213	hypothetical protein	
plasmid2	Plasmid2	smbu08GL002722	27544	27723	-	180	59	hypothetical protein	
plasmid2	Plasmid2	smbu08GL002723	27789	28085	-	297	98	hypothetical protein	
plasmid2	Plasmid2	smbu08GL002724	28085	28222	-	138	45	hypothetical protein	
plasmid2	Plasmid2	smbu08GL002725	28288	28491	-	204	67	hypothetical protein	
plasmid2	Plasmid2	smbu08GL002726	28488	28601	-	114	37	hypothetical protein	
plasmid2	Plasmid2	smbu08GL002727	28661	29380	-	720	239	hypothetical protein	
plasmid2	Plasmid2	smbu08GL002728	29368	29685	-	318	105	hypothetical protein	
plasmid2	Plasmid2	smbu08GL002729	29682	29843	-	162	53	hypothetical protein	
plasmid2	Plasmid2	smbu08GL002730	29858	30223	-	366	121	hypothetical protein	
plasmid2	Plasmid2	smbu08GL002731	30210	31013	-	804	267	hypothetical protein	
plasmid2	Plasmid2	smbu08GL002732	31152	32042	-	891	296	Uncharacterized protein YqaK	UniProtKB/Swiss-Prot:P45908
plasmid2	Plasmid2	smbu08GL002733	32044	33000	-	957	318	Uncharacterized protein YqaJ	UniProtKB/Swiss-Prot:P45907
plasmid2	Plasmid2	smbu08GL002734	33122	33289	-	168	55	hypothetical protein	
plasmid2	Plasmid2	smbu08GL002735	33304	33588	-	285	94	hypothetical protein	
plasmid2	Plasmid2	smbu08GL002736	33588	34133	-	546	181	hypothetical protein	
plasmid2	Plasmid2	smbu08GL002737	34197	34349	-	153	50	hypothetical protein	
plasmid2	Plasmid2	smbu08GL002738	34387	34608	+	222	73	hypothetical protein	
plasmid2	Plasmid2	smbu08GL002739	34616	34885	-	270	89	hypothetical protein	
plasmid2	Plasmid2	smbu08GL002740	35066	35281	-	216	71	hypothetical protein	
plasmid2	Plasmid2	smbu08GL002741	35460	35852	+	393	130	HTH-type transcriptional repressor RghR	UniProtKB/Swiss-Prot:O32236
plasmid2	Plasmid2	smbu08GL002742	35859	36287	+	429	142	hypothetical protein	
plasmid2	Plasmid2	smbu08GL002743	36531	37124	+	594	197	hypothetical protein	
plasmid2	Plasmid2	smbu08GL002744	37307	38443	+	1137	378	hypothetical protein	
plasmid2	Plasmid2	smbu08GL002745	40399	41490	-	1092	363	hypothetical protein	
plasmid2	Plasmid2	smbu08GL002746	41690	42709	-	1020	339	N-acetylmuramoyl-L-alanine amidase	UniProtKB/Swiss-Prot:Q38135
plasmid2	Plasmid2	smbu08GL002747	42720	42917	-	198	65	hypothetical protein	
plasmid2	Plasmid2	smbu08GL002748	42933	43175	-	243	80	hypothetical protein	
plasmid2	Plasmid2	smbu08GL002749	43210	43347	-	138	45	hypothetical protein	
plasmid2	Plasmid2	smbu08GL002750	43349	43795	-	447	148	hypothetical protein	
plasmid2	Plasmid2	smbu08GL002751	43807	45993	-	2187	728	hypothetical protein	
plasmid2	Plasmid2	smbu08GL002752	45993	47045	-	1053	350	hypothetical protein	
plasmid2	Plasmid2	smbu08GL002753	47046	48065	-	1020	339	hypothetical protein	
plasmid2	Plasmid2	smbu08GL002754	48074	48901	-	828	275	hypothetical protein	
plasmid2	Plasmid2	smbu08GL002755	48891	53372	-	4482	1493	hypothetical protein	
plasmid2	Plasmid2	smbu08GL002756	53385	54005	-	621	206	hypothetical protein	
plasmid2	Plasmid2	smbu08GL002757	54010	54390	-	381	126	hypothetical protein	
plasmid2	Plasmid2	smbu08GL002758	54763	55230	-	468	155	hypothetical protein	
plasmid2	Plasmid2	smbu08GL002759	55243	55569	-	327	108	hypothetical protein	
plasmid2	Plasmid2	smbu08GL002760	55635	55892	-	258	85	hypothetical protein	
plasmid2	Plasmid2	smbu08GL002761	56314	56709	-	396	131	hypothetical protein	
plasmid2	Plasmid2	smbu08GL002762	56747	56965	-	219	72	hypothetical protein	
plasmid2	Plasmid2	smbu08GL002763	57010	57882	-	873	290	hypothetical protein	
plasmid2	Plasmid2	smbu08GL002764	57901	58485	-	585	194	hypothetical protein	
plasmid2	Plasmid2	smbu08GL002765	58587	59723	-	1137	378	Structural protein	UniProtKB/Swiss-Prot:Q04765
plasmid2	Plasmid2	smbu08GL002766	59726	61534	-	1809	602	hypothetical protein	
plasmid2	Plasmid2	smbu08GL002767	61528	62853	-	1326	441	hypothetical protein	
plasmid2	Plasmid2	smbu08GL002768	62819	63559	-	741	246	Uncharacterized protein YqaS	UniProtKB/Swiss-Prot:P45915
plasmid2	Plasmid2	smbu08GL002769	63572	63724	-	153	50	hypothetical protein	
plasmid2	Plasmid2	smbu08GL002770	64333	64446	+	114	37	hypothetical protein	
plasmid2	Plasmid2	smbu08GL002771	64931	65089	-	159	52	hypothetical protein	
plasmid2	Plasmid2	smbu08GL002772	65573	66214	-	642	213	hypothetical protein	
plasmid2	Plasmid2	smbu08GL002773	66263	66442	-	180	59	hypothetical protein	
plasmid2	Plasmid2	smbu08GL002774	66508	66804	-	297	98	hypothetical protein	
plasmid2	Plasmid2	smbu08GL002775	66804	66941	-	138	45	hypothetical protein	
plasmid2	Plasmid2	smbu08GL002776	67007	67210	-	204	67	hypothetical protein	
plasmid2	Plasmid2	smbu08GL002777	67207	67320	-	114	37	hypothetical protein	
plasmid2	Plasmid2	smbu08GL002778	67380	68099	-	720	239	hypothetical protein	
plasmid2	Plasmid2	smbu08GL002779	68087	68404	-	318	105	hypothetical protein	
plasmid2	Plasmid2	smbu08GL002780	68401	68562	-	162	53	hypothetical protein	
plasmid2	Plasmid2	smbu08GL002781	68577	68942	-	366	121	hypothetical protein	
plasmid2	Plasmid2	smbu08GL002782	68929	69732	-	804	267	hypothetical protein	
plasmid2	Plasmid2	smbu08GL002783	69871	70761	-	891	296	Uncharacterized protein YqaK	UniProtKB/Swiss-Prot:P45908
plasmid2	Plasmid2	smbu08GL002784	70763	71719	-	957	318	Uncharacterized protein YqaJ	UniProtKB/Swiss-Prot:P45907
plasmid2	Plasmid2	smbu08GL002785	71841	72008	-	168	55	hypothetical protein	
plasmid2	Plasmid2	smbu08GL002786	72023	72307	-	285	94	hypothetical protein	
plasmid2	Plasmid2	smbu08GL002787	72307	72852	-	546	181	hypothetical protein	
plasmid2	Plasmid2	smbu08GL002788	72916	73068	-	153	50	hypothetical protein	
plasmid2	Plasmid2	smbu08GL002789	73106	73327	+	222	73	hypothetical protein	
plasmid2	Plasmid2	smbu08GL002790	73335	73604	-	270	89	hypothetical protein	
plasmid2	Plasmid2	smbu08GL002791	73785	74000	-	216	71	hypothetical protein	
plasmid2	Plasmid2	smbu08GL002792	74179	74571	+	393	130	HTH-type transcriptional repressor RghR	UniProtKB/Swiss-Prot:O32236
plasmid2	Plasmid2	smbu08GL002793	74578	75006	+	429	142	hypothetical protein	
plasmid2	Plasmid2	smbu08GL002794	75249	75842	+	594	197	hypothetical protein	
plasmid2	Plasmid2	smbu08GL002795	76025	77161	+	1137	378	hypothetical protein	
