region	chrom	copy	locus_tag	start	end	strand	length_aa	product	functional_module	nr_subject	nr_identity	nr_evalue	nr_description
prophage_1,255,783-1,294,501	Chromosome1		smbu06GL001245	1255929	1257065	-	378	hypothetical protein	lysogeny	WP_142959838.1	99.5	6.5e-221	MULTISPECIES: site-specific integrase [Enterococcus]
prophage_1,255,783-1,294,501	Chromosome1		smbu06GL001246	1257248	1257841	-	197	hypothetical protein	hypothetical	WP_311831632.1	85.5	4.0e-97	hypothetical protein [Enterococcus thailandicus]
prophage_1,255,783-1,294,501	Chromosome1		smbu06GL001247	1258085	1258513	-	142	hypothetical protein	hypothetical	WP_064376066.1	97.2	1.3e-73	MULTISPECIES: ImmA/IrrE family metallo-endopeptidase [Enterococcus]
prophage_1,255,783-1,294,501	Chromosome1		smbu06GL001248	1258520	1258912	-	130	HTH-type transcriptional repressor RghR	lysogeny	WP_024636627.1	99.2	7.0e-66	MULTISPECIES: helix-turn-helix transcriptional regulator [Enterococcus]
prophage_1,255,783-1,294,501	Chromosome1		smbu06GL001249	1259091	1259306	+	71	hypothetical protein	hypothetical	WP_002330125.1	98.6	1.8e-31	MULTISPECIES: helix-turn-helix domain-containing protein [Enterococcus]
prophage_1,255,783-1,294,501	Chromosome1		smbu06GL001250	1259487	1259756	+	89	hypothetical protein	hypothetical	WP_016853249.1	100.0	8.8e-44	MULTISPECIES: hypothetical protein [Enterococcus]
prophage_1,255,783-1,294,501	Chromosome1		smbu06GL001251	1259764	1259967	-	67	hypothetical protein	hypothetical	EEV61360.1	100.0	7.1e-30	predicted protein [Enterococcus faecium Com15]
prophage_1,255,783-1,294,501	Chromosome1		smbu06GL001252	1260023	1260175	+	50	hypothetical protein	hypothetical	WP_016627807.1	100.0	1.4e-19	MULTISPECIES: hypothetical protein [Enterococcus]
prophage_1,255,783-1,294,501	Chromosome1		smbu06GL001253	1260239	1260784	+	181	hypothetical protein	hypothetical	WP_002319161.1	100.0	1.0e-94	MULTISPECIES: hypothetical protein [Enterococcus]
prophage_1,255,783-1,294,501	Chromosome1		smbu06GL001254	1260784	1261068	+	94	hypothetical protein	hypothetical	WP_173284484.1	100.0	2.9e-45	MULTISPECIES: DNA-binding protein [Enterococcus]
prophage_1,255,783-1,294,501	Chromosome1		smbu06GL001255	1261083	1261250	+	55	hypothetical protein	hypothetical	WP_156322280.1	100.0	1.4e-23	MULTISPECIES: hypothetical protein [Enterococcus]
prophage_1,255,783-1,294,501	Chromosome1		smbu06GL001256	1261387	1262328	+	313	Uncharacterized protein YqaJ	lysogeny	WP_058138363.1	99.0	1.3e-177	YqaJ viral recombinase family protein [Enterococcus durans]
prophage_1,255,783-1,294,501	Chromosome1		smbu06GL001257	1262330	1263220	+	296	Uncharacterized protein YqaK	lysogeny	WP_002303277.1	100.0	4.7e-166	MULTISPECIES: recombinase RecT [Enterococcus]
prophage_1,255,783-1,294,501	Chromosome1		smbu06GL001258	1263359	1264162	+	267	hypothetical protein	hypothetical	WP_226083678.1	99.6	3.6e-149	MULTISPECIES: DnaD domain protein [Enterococcus]
prophage_1,255,783-1,294,501	Chromosome1		smbu06GL001259	1264149	1264514	+	121	hypothetical protein	hypothetical	WP_010729168.1	99.2	2.7e-64	MULTISPECIES: DUF1064 domain-containing protein [Enterococcus]
prophage_1,255,783-1,294,501	Chromosome1		smbu06GL001260	1264529	1264690	+	53	hypothetical protein	hypothetical	WP_025477275.1	100.0	4.0e-20	MULTISPECIES: hypothetical protein [Enterococcus]
prophage_1,255,783-1,294,501	Chromosome1		smbu06GL001261	1264687	1265004	+	105	hypothetical protein	hypothetical	WP_233130849.1	95.2	7.9e-52	hypothetical protein [Enterococcus faecium]
prophage_1,255,783-1,294,501	Chromosome1		smbu06GL001262	1264992	1265711	+	239	hypothetical protein	hypothetical	WP_264452852.1	85.1	1.5e-109	DUF1642 domain-containing protein [Enterococcus faecium]
prophage_1,255,783-1,294,501	Chromosome1		smbu06GL001263	1265771	1265884	+	37	hypothetical protein	hypothetical	WP_157846117.1	100.0	3.3e-13	MULTISPECIES: hypothetical protein [Enterococcus]
prophage_1,255,783-1,294,501	Chromosome1		smbu06GL001264	1265881	1266084	+	67	hypothetical protein	hypothetical	WP_270791027.1	98.5	2.1e-29	toxin PIN [Enterococcus faecium]
prophage_1,255,783-1,294,501	Chromosome1		smbu06GL001265	1266287	1266583	+	98	hypothetical protein	hypothetical	WP_064376073.1	100.0	1.1e-50	hypothetical protein [Enterococcus faecium]
prophage_1,255,783-1,294,501	Chromosome1		smbu06GL001266	1266649	1266828	+	59	hypothetical protein	hypothetical	EEV61374.1	100.0	1.6e-25	predicted protein [Enterococcus faecium Com15]
prophage_1,255,783-1,294,501	Chromosome1		smbu06GL001267	1266877	1267518	+	213	hypothetical protein	hypothetical	WP_002309105.1	99.5	8.7e-106	MULTISPECIES: hypothetical protein [Enterococcus]
prophage_1,255,783-1,294,501	Chromosome1		smbu06GL001268	1268002	1268160	+	52	hypothetical protein	hypothetical	BDR30186.1	100.0	2.1e-21	hypothetical protein NUITMVRE1_07920 [Enterococcus faecium]
prophage_1,255,783-1,294,501	Chromosome1		smbu06GL001269	1268645	1268758	-	37	hypothetical protein	hypothetical				
prophage_1,255,783-1,294,501	Chromosome1		smbu06GL001270	1269367	1269519	+	50	hypothetical protein	hypothetical	WP_278014199.1	98.0	5.9e-21	MULTISPECIES: hypothetical protein [Enterococcus]
prophage_1,255,783-1,294,501	Chromosome1		smbu06GL001271	1269532	1270272	+	246	Uncharacterized protein YqaS	DNA_packaging	WP_286012134.1	99.6	1.2e-135	phage terminase small subunit [Enterococcus faecium]
prophage_1,255,783-1,294,501	Chromosome1		smbu06GL001272	1270238	1271563	+	441	hypothetical protein	DNA_packaging	WP_289892796.1	99.5	2.7e-266	PBSX family phage terminase large subunit [Enterococcus faecium]
prophage_1,255,783-1,294,501	Chromosome1		smbu06GL001273	1271557	1273365	+	602	hypothetical protein	DNA_packaging	WP_275576008.1	99.7	0.0e+00	phage portal protein [Enterococcus faecium]
prophage_1,255,783-1,294,501	Chromosome1		smbu06GL001274	1273368	1274504	+	378	Structural protein	head	WP_142959827.1	98.7	2.9e-213	phage minor capsid protein [Enterococcus durans]
prophage_1,255,783-1,294,501	Chromosome1		smbu06GL001275	1274606	1275190	+	194	hypothetical protein	tail	EEV61382.1	97.9	2.5e-99	phage minor structural protein [Enterococcus faecium Com15]
prophage_1,255,783-1,294,501	Chromosome1		smbu06GL001276	1275209	1276081	+	290	hypothetical protein	hypothetical	WP_104889090.1	99.7	4.4e-161	MULTISPECIES: hypothetical protein [Enterococcus]
prophage_1,255,783-1,294,501	Chromosome1		smbu06GL001277	1276126	1276344	+	72	hypothetical protein	hypothetical	WP_016627828.1	100.0	9.0e-31	Ig-like domain-containing protein [Enterococcus faecium]
prophage_1,255,783-1,294,501	Chromosome1		smbu06GL001278	1276382	1276777	+	131	hypothetical protein	hypothetical	WP_002300152.1	100.0	1.1e-66	MULTISPECIES: hypothetical protein [Enterococcus]
prophage_1,255,783-1,294,501	Chromosome1		smbu06GL001279	1277199	1277456	+	85	hypothetical protein	head	WP_139911452.1	98.8	1.4e-43	minor capsid protein [Enterococcus faecium]
prophage_1,255,783-1,294,501	Chromosome1		smbu06GL001280	1277564	1277848	+	94	hypothetical protein	head	WP_139911451.1	100.0	1.2e-46	minor capsid protein [Enterococcus faecium]
prophage_1,255,783-1,294,501	Chromosome1		smbu06GL001281	1277861	1278328	+	155	hypothetical protein	hypothetical	WP_002318695.1	100.0	3.2e-81	MULTISPECIES: hypothetical protein [Enterococcus]
prophage_1,255,783-1,294,501	Chromosome1		smbu06GL001282	1278701	1279081	+	126	hypothetical protein	hypothetical	WP_021109034.1	100.0	1.1e-63	MULTISPECIES: hypothetical protein [Enterococcus]
prophage_1,255,783-1,294,501	Chromosome1		smbu06GL001283	1279086	1279706	+	206	hypothetical protein	hypothetical	WP_002318698.1	100.0	7.4e-110	MULTISPECIES: Gp15 family bacteriophage protein [Enterococcus]
prophage_1,255,783-1,294,501	Chromosome1		smbu06GL001284	1279749	1284200	+	1483	hypothetical protein	tail	WP_213180075.1	99.0	0.0e+00	tape measure protein [Enterococcus lactis]
prophage_1,255,783-1,294,501	Chromosome1		smbu06GL001285	1284190	1285017	+	275	hypothetical protein	tail	WP_139439814.1	99.6	5.9e-155	phage tail family protein [Enterococcus faecium]
prophage_1,255,783-1,294,501	Chromosome1		smbu06GL001286	1285026	1286045	+	339	hypothetical protein	tail	WP_213180077.1	99.7	2.1e-194	phage tail protein [Enterococcus lactis]
prophage_1,255,783-1,294,501	Chromosome1		smbu06GL001287	1286046	1287098	+	350	hypothetical protein	hypothetical	WP_104885452.1	98.9	2.4e-193	hypothetical protein [Enterococcus faecium]
prophage_1,255,783-1,294,501	Chromosome1		smbu06GL001288	1287098	1289284	+	728	hypothetical protein	tail	WP_316396480.1	84.8	0.0e+00	BppU family phage baseplate upper protein [Enterococcus faecium]
prophage_1,255,783-1,294,501	Chromosome1		smbu06GL001289	1289296	1289742	+	148	hypothetical protein	hypothetical	WP_108425923.1	99.3	7.0e-78	MULTISPECIES: hypothetical protein [Enterococcus]
prophage_1,255,783-1,294,501	Chromosome1		smbu06GL001290	1289744	1289881	+	45	hypothetical protein	hypothetical	EEV54992.1	100.0	2.5e-18	conserved hypothetical protein [Enterococcus faecium 1,231,410]
prophage_1,255,783-1,294,501	Chromosome1		smbu06GL001291	1289916	1290158	+	80	hypothetical protein	lysis	WP_002332427.1	100.0	2.5e-37	MULTISPECIES: hemolysin XhlA family protein [Enterococcus]
prophage_1,255,783-1,294,501	Chromosome1		smbu06GL001292	1290174	1290371	+	65	hypothetical protein	lysis	WP_002311605.1	100.0	1.0e-28	MULTISPECIES: phage holin [Enterococcus]
prophage_1,255,783-1,294,501	Chromosome1		smbu06GL001293	1290382	1291401	+	339	N-acetylmuramoyl-L-alanine amidase	lysis	WP_265653548.1	97.9	6.9e-198	N-acetylmuramoyl-L-alanine amidase [Enterococcus lactis]
prophage_1,255,783-1,294,501	Chromosome1		smbu06GL001294	1291601	1292692	+	363	hypothetical protein	hypothetical	WP_165538098.1	99.7	3.3e-206	hypothetical protein [Enterococcus faecium]
prophage_1,255,783-1,294,501	Chromosome1		smbu06GL001295	1294563	1294676	-	37	hypothetical protein	hypothetical	EEI60249.1	100.0	2.6e-13	hypothetical protein HMPREF0352_1542 [Enterococcus faecium TX1330]
