accession	n_genes	distance_to_smbu06
GCA_000006865.1	1	0.9931
GCA_000157355.2	15	0.8966
GCA_000344575.1	2	0.9862
GCA_000761115.1	2	0.9862
GCA_000807375.1	13	0.9103
GCA_002804185.1	2	0.9862
GCA_002804285.1	2	0.9862
GCA_002813755.1	22	0.8483
GCA_002895225.1	2	0.9862
GCA_003722255.1	1	0.9931
GCA_005347505.1	34	0.7655
GCA_019203145.1	81	0.4414
GCA_019343125.1	90	0.3793
GCA_019967715.1	82	0.4345
GCA_022870765.1	14	0.9034
GCA_023523715.1	39	0.7310
GCA_025402795.1	25	0.8276
GCA_025402855.1	22	0.8483
GCA_029201225.1	13	0.9103
GCA_029215545.1	23	0.8414
GCA_030490365.1	85	0.4138
GCA_033954875.1	105	0.2759
GCA_041930275.1	46	0.6828
GCA_041952535.1	50	0.6552
GCA_043950745.1	40	0.7241
GCA_045039055.1	41	0.7172
GCA_049315075.1	53	0.6345
GCA_049315085.1	53	0.6345
GCA_049315095.1	53	0.6345
GCA_049315105.1	53	0.6345
GCA_049315135.1	53	0.6345
GCA_055397705.1	20	0.8621
GCA_055397995.1	9	0.9379
GCA_056487485.1	11	0.9241
GCA_058072705.1	69	0.5241
GCA_060306215.1	90	0.3793
GCA_060307205.1	41	0.7172
GCA_060307225.1	90	0.3793
GCA_061568495.1	32	0.7793
GCA_900636615.1	17	0.8828
GCA_905186115.1	13	0.9103
GCA_963280925.1	39	0.7310
GCA_988235375.1	36	0.7517
GCA_988236725.1	36	0.7517
GCA_988237225.1	83	0.4276
GCF_001298485.1	38	0.7379
GCF_001412695.1	51	0.6483
GCF_001598635.1	46	0.6828
GCF_001689055.2	34	0.7655
GCF_002208945.1	34	0.7655
GCF_002216705.1	30	0.7931
GCF_002278015.2	15	0.8966
GCF_002289045.2	31	0.7862
GCF_002290025.1	10	0.9310
GCF_002355755.1	8	0.9448
GCF_002761555.1	41	0.7172
GCF_002831505.1	41	0.7172
GCF_002850515.1	72	0.5034
GCF_002983785.1	67	0.5379
GCF_003269465.1	13	0.9103
GCF_003667965.1	69	0.5241
GCF_003711125.1	24	0.8345
GCF_003711605.1	60	0.5862
GCF_003812665.1	26	0.8207
GCF_004332055.1	49	0.6621
GCF_005484525.1	9	0.9379
GCF_006337145.1	89	0.3862
GCF_006351785.1	69	0.5241
GCF_006351845.1	61	0.5793
GCF_006364815.1	7	0.9517
GCF_006494835.1	30	0.7931
GCF_006494855.1	27	0.8138
GCF_006494875.1	27	0.8138
GCF_006766145.1	8	0.9448
GCF_007923665.2	38	0.7379
GCF_007923785.2	39	0.7310
GCF_007923865.2	39	0.7310
GCF_007923885.2	39	0.7310
GCF_007923905.2	39	0.7310
GCF_007923925.2	39	0.7310
GCF_007923945.2	41	0.7172
GCF_007923965.2	49	0.6621
GCF_008330605.1	84	0.4207
GCF_009730155.1	46	0.6828
GCF_009734005.1	45	0.6897
GCF_009938075.1	41	0.7172
GCF_010103655.1	17	0.8828
GCF_010120755.1	39	0.7310
GCF_011745645.1	32	0.7793
GCF_012045365.1	75	0.4828
GCF_012045505.1	75	0.4828
GCF_012594215.1	17	0.8828
GCF_013201055.1	32	0.7793
GCF_013344625.1	34	0.7655
GCF_013344645.1	34	0.7655
GCF_013344665.1	9	0.9379
GCF_013391145.1	38	0.7379
GCF_013391165.1	14	0.9034
GCF_013391185.1	27	0.8138
GCF_013391205.1	13	0.9103
GCF_013394325.1	9	0.9379
GCF_015377765.1	69	0.5241
GCF_015767695.1	37	0.7448
GCF_015767715.1	29	0.8000
GCF_016127235.1	13	0.9103
GCF_017280035.1	12	0.9172
GCF_017357805.1	9	0.9379
GCF_018516845.1	38	0.7379
GCF_019456555.1	67	0.5379
GCF_019456575.1	67	0.5379
GCF_019456595.1	67	0.5379
GCF_019797905.1	8	0.9448
GCF_020881975.1	57	0.6069
GCF_020906605.1	15	0.8966
GCF_022869705.1	46	0.6828
GCF_023299785.1	13	0.9103
GCF_023375505.1	13	0.9103
GCF_023612035.1	11	0.9241
GCF_023612275.1	27	0.8138
GCF_024267595.1	12	0.9172
GCF_025957845.1	13	0.9103
GCF_025957925.1	13	0.9103
GCF_025958025.1	41	0.7172
GCF_025958065.1	7	0.9517
GCF_025958085.1	7	0.9517
GCF_025958625.1	9	0.9379
GCF_025958845.1	38	0.7379
GCF_025958885.1	17	0.8828
GCF_026650885.1	36	0.7517
GCF_027915235.1	33	0.7724
GCF_030584585.1	39	0.7310
GCF_030584605.1	39	0.7310
GCF_030584685.1	39	0.7310
GCF_030643745.1	34	0.7655
GCF_033954895.1	69	0.5241
GCF_033954915.1	69	0.5241
GCF_036669985.1	69	0.5241
GCF_040745045.1	32	0.7793
GCF_043950735.1	40	0.7241
GCF_049315065.1	32	0.7793
GCF_049315115.1	32	0.7793
GCF_049315125.1	32	0.7793
GCF_049315145.1	32	0.7793
GCF_049315155.1	53	0.6345
GCF_049315165.1	32	0.7793
GCF_049315175.1	32	0.7793
GCF_052655065.1	7	0.9517
GCF_052655335.1	26	0.8207
GCF_052655665.1	98	0.3241
GCF_052656575.1	26	0.8207
GCF_052657825.1	7	0.9517
GCF_052658005.1	7	0.9517
GCF_053764515.1	24	0.8345
GCF_056487465.1	10	0.9310
GCF_056582645.1	145	0.0000
GCF_931972305.1	11	0.9241
GCF_988227945.1	31	0.7862
GCF_988227985.1	31	0.7862
GCF_988228025.1	31	0.7862
smbu06_project	145	0.0000
smbu08_project	145	0.0000
