accession	status	path
GCA_015767715.1	ok	<PROJECT_ROOT>\comparative_analysis\06_public_panel\downloads\GCA_015767715.1\ncbi_dataset\data\GCA_015767715.1\GCA_015767715.1_ASM1576771v1_genomic.fna
GCA_023612275.1	ok	<PROJECT_ROOT>\comparative_analysis\06_public_panel\downloads\GCA_023612275.1\ncbi_dataset\data\GCA_023612275.1\GCA_023612275.1_ASM2361227v1_genomic.fna
GCA_049315065.1	ok	<PROJECT_ROOT>\comparative_analysis\06_public_panel\downloads\GCA_049315065.1\ncbi_dataset\data\GCA_049315065.1\GCA_049315065.1_ASM4931506v1_genomic.fna
GCA_049315115.1	ok	<PROJECT_ROOT>\comparative_analysis\06_public_panel\downloads\GCA_049315115.1\ncbi_dataset\data\GCA_049315115.1\GCA_049315115.1_ASM4931511v1_genomic.fna
GCA_049315125.1	ok	<PROJECT_ROOT>\comparative_analysis\06_public_panel\downloads\GCA_049315125.1\ncbi_dataset\data\GCA_049315125.1\GCA_049315125.1_ASM4931512v1_genomic.fna
GCA_049315145.1	ok	<PROJECT_ROOT>\comparative_analysis\06_public_panel\downloads\GCA_049315145.1\ncbi_dataset\data\GCA_049315145.1\GCA_049315145.1_ASM4931514v1_genomic.fna
GCA_049315165.1	ok	<PROJECT_ROOT>\comparative_analysis\06_public_panel\downloads\GCA_049315165.1\ncbi_dataset\data\GCA_049315165.1\GCA_049315165.1_ASM4931516v1_genomic.fna
GCA_049315175.1	ok	<PROJECT_ROOT>\comparative_analysis\06_public_panel\downloads\GCA_049315175.1\ncbi_dataset\data\GCA_049315175.1\GCA_049315175.1_ASM4931517v1_genomic.fna
GCA_052655065.1	ok	<PROJECT_ROOT>\comparative_analysis\06_public_panel\downloads\GCA_052655065.1\ncbi_dataset\data\GCA_052655065.1\GCA_052655065.1_ASM5265506v1_genomic.fna
GCA_052655335.1	ok	<PROJECT_ROOT>\comparative_analysis\06_public_panel\downloads\GCA_052655335.1\ncbi_dataset\data\GCA_052655335.1\GCA_052655335.1_ASM5265533v1_genomic.fna
GCA_052655665.1	ok	<PROJECT_ROOT>\comparative_analysis\06_public_panel\downloads\GCA_052655665.1\ncbi_dataset\data\GCA_052655665.1\GCA_052655665.1_ASM5265566v1_genomic.fna
GCA_052656575.1	ok	<PROJECT_ROOT>\comparative_analysis\06_public_panel\downloads\GCA_052656575.1\ncbi_dataset\data\GCA_052656575.1\GCA_052656575.1_ASM5265657v1_genomic.fna
GCA_052657825.1	ok	<PROJECT_ROOT>\comparative_analysis\06_public_panel\downloads\GCA_052657825.1\data\GCA_052657825.1_ASM5265782v1_genomic.fna
GCA_052658005.1	ok	<PROJECT_ROOT>\comparative_analysis\06_public_panel\downloads\GCA_052658005.1\data\GCA_052658005.1_ASM5265800v1_genomic.fna
GCA_055397705.1	ok	<PROJECT_ROOT>\comparative_analysis\06_public_panel\downloads\GCA_055397705.1\data\GCA_055397705.1_ASM5539770v1_genomic.fna
GCA_988227945.1	ok	<PROJECT_ROOT>\comparative_analysis\06_public_panel\downloads\GCA_988227945.1\data\GCA_988227945.1_AF116-28_contig_2_np1_genomic.fna
GCA_988227985.1	ok	<PROJECT_ROOT>\comparative_analysis\06_public_panel\downloads\GCA_988227985.1\data\GCA_988227985.1_AF116-31_contig_5_np1_genomic.fna
GCA_988228025.1	ok	<PROJECT_ROOT>\comparative_analysis\06_public_panel\downloads\GCA_988228025.1\data\GCA_988228025.1_AF116-27_contig_6_np1_genomic.fna
GCF_015767715.1	ok	<PROJECT_ROOT>\comparative_analysis\06_public_panel\downloads\GCF_015767715.1\data\GCF_015767715.1_ASM1576771v1_genomic.fna
GCF_023612275.1	ok	<PROJECT_ROOT>\comparative_analysis\06_public_panel\downloads\GCF_023612275.1\data\GCF_023612275.1_ASM2361227v1_genomic.fna
GCF_049315065.1	ok	<PROJECT_ROOT>\comparative_analysis\06_public_panel\downloads\GCF_049315065.1\data\GCF_049315065.1_ASM4931506v1_genomic.fna
GCF_049315115.1	ok	<PROJECT_ROOT>\comparative_analysis\06_public_panel\downloads\GCF_049315115.1\data\GCF_049315115.1_ASM4931511v1_genomic.fna
GCF_049315125.1	ok	<PROJECT_ROOT>\comparative_analysis\06_public_panel\downloads\GCF_049315125.1\data\GCF_049315125.1_ASM4931512v1_genomic.fna
GCF_049315145.1	ok	<PROJECT_ROOT>\comparative_analysis\06_public_panel\downloads\GCF_049315145.1\data\GCF_049315145.1_ASM4931514v1_genomic.fna
GCF_049315165.1	ok	<PROJECT_ROOT>\comparative_analysis\06_public_panel\downloads\GCF_049315165.1\data\GCF_049315165.1_ASM4931516v1_genomic.fna
GCF_049315175.1	ok	<PROJECT_ROOT>\comparative_analysis\06_public_panel\downloads\GCF_049315175.1\data\GCF_049315175.1_ASM4931517v1_genomic.fna
GCF_052655065.1	ok	<PROJECT_ROOT>\comparative_analysis\06_public_panel\downloads\GCF_052655065.1\data\GCF_052655065.1_ASM5265506v1_genomic.fna
GCF_052655335.1	ok	<PROJECT_ROOT>\comparative_analysis\06_public_panel\downloads\GCF_052655335.1\data\GCF_052655335.1_ASM5265533v1_genomic.fna
GCF_052655665.1	ok	<PROJECT_ROOT>\comparative_analysis\06_public_panel\downloads\GCF_052655665.1\data\GCF_052655665.1_ASM5265566v1_genomic.fna
GCF_052656575.1	ok	<PROJECT_ROOT>\comparative_analysis\06_public_panel\downloads\GCF_052656575.1\data\GCF_052656575.1_ASM5265657v1_genomic.fna
GCF_052657825.1	ok	<PROJECT_ROOT>\comparative_analysis\06_public_panel\downloads\GCF_052657825.1\data\GCF_052657825.1_ASM5265782v1_genomic.fna
GCF_052658005.1	ok	<PROJECT_ROOT>\comparative_analysis\06_public_panel\downloads\GCF_052658005.1\data\GCF_052658005.1_ASM5265800v1_genomic.fna
GCF_988227945.1	ok	<PROJECT_ROOT>\comparative_analysis\06_public_panel\downloads\GCF_988227945.1\data\GCF_988227945.1_AF116-28_contig_2_np1_genomic.fna
GCF_988227985.1	ok	<PROJECT_ROOT>\comparative_analysis\06_public_panel\downloads\GCF_988227985.1\data\GCF_988227985.1_AF116-31_contig_5_np1_genomic.fna
GCF_988228025.1	ok	<PROJECT_ROOT>\comparative_analysis\06_public_panel\downloads\GCF_988228025.1\data\GCF_988228025.1_AF116-27_contig_6_np1_genomic.fna
GCA_019203145.1	ok	<PROJECT_ROOT>\comparative_analysis\06_public_panel\downloads\GCA_019203145.1\data\GCA_019203145.1_ASM1920314v1_genomic.fna
GCA_019343125.1	ok	<PROJECT_ROOT>\comparative_analysis\06_public_panel\downloads\GCA_019343125.1\data\GCA_019343125.1_ASM1934312v1_genomic.fna
GCA_019967715.1	ok	<PROJECT_ROOT>\comparative_analysis\06_public_panel\downloads\GCA_019967715.1\data\GCA_019967715.1_ASM1996771v1_genomic.fna
GCA_030490365.1	ok	<PROJECT_ROOT>\comparative_analysis\06_public_panel\downloads\GCA_030490365.1\data\GCA_030490365.1_ASM3049036v1_genomic.fna
GCA_033954875.1	ok	<PROJECT_ROOT>\comparative_analysis\06_public_panel\downloads\GCA_033954875.1\data\GCA_033954875.1_ASM3395487v1_genomic.fna
GCA_033954895.1	ok	<PROJECT_ROOT>\comparative_analysis\06_public_panel\downloads\GCA_033954895.1\data\GCA_033954895.1_ASM3395489v1_genomic.fna
GCA_033954915.1	ok	<PROJECT_ROOT>\comparative_analysis\06_public_panel\downloads\GCA_033954915.1\data\GCA_033954915.1_ASM3395491v1_genomic.fna
GCA_036669985.1	ok	<PROJECT_ROOT>\comparative_analysis\06_public_panel\downloads\GCA_036669985.1\data\GCA_036669985.1_ASM3666998v1_genomic.fna
GCA_040745045.1	ok	<PROJECT_ROOT>\comparative_analysis\06_public_panel\downloads\GCA_040745045.1\data\GCA_040745045.1_ASM4074504v1_genomic.fna
GCA_056582645.1	ok	<PROJECT_ROOT>\comparative_analysis\06_public_panel\downloads\GCA_056582645.1\data\GCA_056582645.1_ASM5658264v1_genomic.fna
GCA_058072705.1	ok	<PROJECT_ROOT>\comparative_analysis\06_public_panel\downloads\GCA_058072705.1\data\GCA_058072705.1_ASM5807270v1_genomic.fna
GCA_060306215.1	ok	<PROJECT_ROOT>\comparative_analysis\06_public_panel\downloads\GCA_060306215.1\data\GCA_060306215.1_Varani_LAB_05_genomic.fna
GCA_060307225.1	ok	<PROJECT_ROOT>\comparative_analysis\06_public_panel\downloads\GCA_060307225.1\data\GCA_060307225.1_ASM6030722v1_genomic.fna
GCA_061568495.1	ok	<PROJECT_ROOT>\comparative_analysis\06_public_panel\downloads\GCA_061568495.1\data\GCA_061568495.1_ASM61568495v1_genomic.fna
GCA_988237225.1	ok	<PROJECT_ROOT>\comparative_analysis\06_public_panel\downloads\GCA_988237225.1\data\GCA_988237225.1_LAC-H-9_genomic.fna
GCF_019203145.1	ok	<PROJECT_ROOT>\comparative_analysis\06_public_panel\downloads\GCF_019203145.1\data\GCF_019203145.1_ASM1920314v1_genomic.fna
GCF_019343125.1	ok	<PROJECT_ROOT>\comparative_analysis\06_public_panel\downloads\GCF_019343125.1\data\GCF_019343125.1_ASM1934312v1_genomic.fna
GCF_019967715.1	ok	<PROJECT_ROOT>\comparative_analysis\06_public_panel\downloads\GCF_019967715.1\data\GCF_019967715.1_ASM1996771v1_genomic.fna
GCF_030490365.1	ok	<PROJECT_ROOT>\comparative_analysis\06_public_panel\downloads\GCF_030490365.1\data\GCF_030490365.1_ASM3049036v1_genomic.fna
GCF_033954875.1	ok	<PROJECT_ROOT>\comparative_analysis\06_public_panel\downloads\GCF_033954875.1\data\GCF_033954875.1_ASM3395487v1_genomic.fna
GCF_033954895.1	ok	<PROJECT_ROOT>\comparative_analysis\06_public_panel\downloads\GCF_033954895.1\data\GCF_033954895.1_ASM3395489v1_genomic.fna
GCF_033954915.1	ok	<PROJECT_ROOT>\comparative_analysis\06_public_panel\downloads\GCF_033954915.1\data\GCF_033954915.1_ASM3395491v1_genomic.fna
GCF_036669985.1	ok	<PROJECT_ROOT>\comparative_analysis\06_public_panel\downloads\GCF_036669985.1\data\GCF_036669985.1_ASM3666998v1_genomic.fna
GCF_040745045.1	ok	<PROJECT_ROOT>\comparative_analysis\06_public_panel\downloads\GCF_040745045.1\data\GCF_040745045.1_ASM4074504v1_genomic.fna
GCF_056582645.1	ok	<PROJECT_ROOT>\comparative_analysis\06_public_panel\downloads\GCF_056582645.1\data\GCF_056582645.1_ASM5658264v1_genomic.fna
GCF_001298485.1	ok	<PROJECT_ROOT>\comparative_analysis\06_public_panel\downloads\GCF_001298485.1\data\GCF_001298485.1_ASM129848v1_genomic.fna
GCF_002761555.1	ok	<PROJECT_ROOT>\comparative_analysis\06_public_panel\downloads\GCF_002761555.1\data\GCF_002761555.1_ASM276155v1_genomic.fna
GCF_002850515.1	ok	<PROJECT_ROOT>\comparative_analysis\06_public_panel\downloads\GCF_002850515.1\data\GCF_002850515.1_ASM285051v1_genomic.fna
GCF_003269465.1	ok	<PROJECT_ROOT>\comparative_analysis\06_public_panel\downloads\GCF_003269465.1\data\GCF_003269465.1_ASM326946v1_genomic.fna
GCF_009938075.1	ok	<PROJECT_ROOT>\comparative_analysis\06_public_panel\downloads\GCF_009938075.1\data\GCF_009938075.1_ASM993807v1_genomic.fna
GCF_011745645.1	ok	<PROJECT_ROOT>\comparative_analysis\06_public_panel\downloads\GCF_011745645.1\data\GCF_011745645.1_ASM1174564v1_genomic.fna
GCF_013201055.1	ok	<PROJECT_ROOT>\comparative_analysis\06_public_panel\downloads\GCF_013201055.1\data\GCF_013201055.1_ASM1320105v1_genomic.fna
GCF_015767695.1	ok	<PROJECT_ROOT>\comparative_analysis\06_public_panel\downloads\GCF_015767695.1\data\GCF_015767695.1_ASM1576769v1_genomic.fna
GCF_027915235.1	ok	<PROJECT_ROOT>\comparative_analysis\06_public_panel\downloads\GCF_027915235.1\data\GCF_027915235.1_ASM2791523v1_genomic.fna
GCF_030584585.1	ok	<PROJECT_ROOT>\comparative_analysis\06_public_panel\downloads\GCF_030584585.1\data\GCF_030584585.1_ASM3058458v1_genomic.fna
GCF_030584605.1	ok	<PROJECT_ROOT>\comparative_analysis\06_public_panel\downloads\GCF_030584605.1\data\GCF_030584605.1_ASM3058460v1_genomic.fna
GCF_030584685.1	ok	<PROJECT_ROOT>\comparative_analysis\06_public_panel\downloads\GCF_030584685.1\data\GCF_030584685.1_ASM3058468v1_genomic.fna
GCF_030643745.1	ok	<PROJECT_ROOT>\comparative_analysis\06_public_panel\downloads\GCF_030643745.1\data\GCF_030643745.1_ASM3064374v1_genomic.fna
GCF_001412695.1	ok	<PROJECT_ROOT>\comparative_analysis\06_public_panel\downloads\GCF_001412695.1\data\GCF_001412695.1_ASM141269v1_genomic.fna
GCF_002831505.1	ok	<PROJECT_ROOT>\comparative_analysis\06_public_panel\downloads\GCF_002831505.1\data\GCF_002831505.1_ASM283150v1_genomic.fna
GCF_002983785.1	ok	<PROJECT_ROOT>\comparative_analysis\06_public_panel\downloads\GCF_002983785.1\data\GCF_002983785.1_ASM298378v1_genomic.fna
GCF_003667965.1	ok	<PROJECT_ROOT>\comparative_analysis\06_public_panel\downloads\GCF_003667965.1\data\GCF_003667965.1_ASM366796v1_genomic.fna
GCF_003711605.1	ok	<PROJECT_ROOT>\comparative_analysis\06_public_panel\downloads\GCF_003711605.1\data\GCF_003711605.1_ASM371160v1_genomic.fna
GCF_004332055.1	ok	<PROJECT_ROOT>\comparative_analysis\06_public_panel\downloads\GCF_004332055.1\data\GCF_004332055.1_ASM433205v1_genomic.fna
GCF_006337145.1	ok	<PROJECT_ROOT>\comparative_analysis\06_public_panel\downloads\GCF_006337145.1\data\GCF_006337145.1_ASM633714v1_genomic.fna
GCF_006351785.1	ok	<PROJECT_ROOT>\comparative_analysis\06_public_panel\downloads\GCF_006351785.1\data\GCF_006351785.1_ASM635178v1_genomic.fna
GCF_006351845.1	ok	<PROJECT_ROOT>\comparative_analysis\06_public_panel\downloads\GCF_006351845.1\data\GCF_006351845.1_ASM635184v1_genomic.fna
GCF_007923665.2	ok	<PROJECT_ROOT>\comparative_analysis\06_public_panel\downloads\GCF_007923665.2\data\GCF_007923665.2_ASM792366v2_genomic.fna
GCF_007923785.2	ok	<PROJECT_ROOT>\comparative_analysis\06_public_panel\downloads\GCF_007923785.2\data\GCF_007923785.2_ASM792378v2_genomic.fna
GCF_007923865.2	ok	<PROJECT_ROOT>\comparative_analysis\06_public_panel\downloads\GCF_007923865.2\data\GCF_007923865.2_ASM792386v2_genomic.fna
GCF_007923885.2	ok	<PROJECT_ROOT>\comparative_analysis\06_public_panel\downloads\GCF_007923885.2\data\GCF_007923885.2_ASM792388v2_genomic.fna
GCF_007923905.2	ok	<PROJECT_ROOT>\comparative_analysis\06_public_panel\downloads\GCF_007923905.2\data\GCF_007923905.2_ASM792390v2_genomic.fna
GCF_007923925.2	ok	<PROJECT_ROOT>\comparative_analysis\06_public_panel\downloads\GCF_007923925.2\data\GCF_007923925.2_ASM792392v2_genomic.fna
GCF_007923945.2	ok	<PROJECT_ROOT>\comparative_analysis\06_public_panel\downloads\GCF_007923945.2\data\GCF_007923945.2_ASM792394v2_genomic.fna
GCF_007923965.2	ok	<PROJECT_ROOT>\comparative_analysis\06_public_panel\downloads\GCF_007923965.2\data\GCF_007923965.2_ASM792396v2_genomic.fna
GCF_008330605.1	ok	<PROJECT_ROOT>\comparative_analysis\06_public_panel\downloads\GCF_008330605.1\data\GCF_008330605.1_ASM833060v1_genomic.fna
GCF_009734005.1	ok	<PROJECT_ROOT>\comparative_analysis\06_public_panel\downloads\GCF_009734005.1\data\GCF_009734005.1_ASM973400v2_genomic.fna
GCF_010120755.1	ok	<PROJECT_ROOT>\comparative_analysis\06_public_panel\downloads\GCF_010120755.1\data\GCF_010120755.1_ASM1012075v1_genomic.fna
GCF_012045365.1	ok	<PROJECT_ROOT>\comparative_analysis\06_public_panel\downloads\GCF_012045365.1\data\GCF_012045365.1_ASM1204536v1_genomic.fna
GCF_012045505.1	ok	<PROJECT_ROOT>\comparative_analysis\06_public_panel\downloads\GCF_012045505.1\data\GCF_012045505.1_ASM1204550v1_genomic.fna
GCF_015377765.1	ok	<PROJECT_ROOT>\comparative_analysis\06_public_panel\downloads\GCF_015377765.1\data\GCF_015377765.1_ASM1537776v1_genomic.fna
GCF_018516845.1	ok	<PROJECT_ROOT>\comparative_analysis\06_public_panel\downloads\GCF_018516845.1\data\GCF_018516845.1_ASM1851684v1_genomic.fna
GCF_019456555.1	ok	<PROJECT_ROOT>\comparative_analysis\06_public_panel\downloads\GCF_019456555.1\data\GCF_019456555.1_ASM1945655v1_genomic.fna
GCF_019456575.1	ok	<PROJECT_ROOT>\comparative_analysis\06_public_panel\downloads\GCF_019456575.1\data\GCF_019456575.1_ASM1945657v1_genomic.fna
GCF_019456595.1	ok	<PROJECT_ROOT>\comparative_analysis\06_public_panel\downloads\GCF_019456595.1\data\GCF_019456595.1_ASM1945659v1_genomic.fna
GCF_001598635.1	ok	<PROJECT_ROOT>\comparative_analysis\06_public_panel\downloads\GCF_001598635.1\data\GCF_001598635.1_ASM159863v1_genomic.fna
GCF_001689055.2	ok	<PROJECT_ROOT>\comparative_analysis\06_public_panel\downloads\GCF_001689055.2\data\GCF_001689055.2_ASM168905v2_genomic.fna
GCF_002208945.1	ok	<PROJECT_ROOT>\comparative_analysis\06_public_panel\downloads\GCF_002208945.1\data\GCF_002208945.1_ASM220894v2_genomic.fna
GCF_002289045.2	ok	<PROJECT_ROOT>\comparative_analysis\06_public_panel\downloads\GCF_002289045.2\data\GCF_002289045.2_ASM228904v2_genomic.fna
GCF_002355755.1	ok	<PROJECT_ROOT>\comparative_analysis\06_public_panel\downloads\GCF_002355755.1\data\GCF_002355755.1_ASM235575v1_genomic.fna
GCF_003812665.1	ok	<PROJECT_ROOT>\comparative_analysis\06_public_panel\downloads\GCF_003812665.1\data\GCF_003812665.1_ASM381266v1_genomic.fna
GCF_005484525.1	ok	<PROJECT_ROOT>\comparative_analysis\06_public_panel\downloads\GCF_005484525.1\data\GCF_005484525.1_ASM548452v1_genomic.fna
GCF_006364815.1	ok	<PROJECT_ROOT>\comparative_analysis\06_public_panel\downloads\GCF_006364815.1\data\GCF_006364815.1_ASM636481v1_genomic.fna
GCF_006494835.1	ok	<PROJECT_ROOT>\comparative_analysis\06_public_panel\downloads\GCF_006494835.1\data\GCF_006494835.1_ASM649483v1_genomic.fna
GCF_006494855.1	ok	<PROJECT_ROOT>\comparative_analysis\06_public_panel\downloads\GCF_006494855.1\data\GCF_006494855.1_ASM649485v1_genomic.fna
GCF_006494875.1	ok	<PROJECT_ROOT>\comparative_analysis\06_public_panel\downloads\GCF_006494875.1\data\GCF_006494875.1_ASM649487v1_genomic.fna
GCF_006766145.1	ok	<PROJECT_ROOT>\comparative_analysis\06_public_panel\downloads\GCF_006766145.1\data\GCF_006766145.1_ASM676614v1_genomic.fna
GCF_010103655.1	ok	<PROJECT_ROOT>\comparative_analysis\06_public_panel\downloads\GCF_010103655.1\data\GCF_010103655.1_ASM1010365v1_genomic.fna
GCF_012594215.1	ok	<PROJECT_ROOT>\comparative_analysis\06_public_panel\downloads\GCF_012594215.1\data\GCF_012594215.1_ASM1259421v1_genomic.fna
GCF_013344625.1	ok	<PROJECT_ROOT>\comparative_analysis\06_public_panel\downloads\GCF_013344625.1\data\GCF_013344625.1_ASM1334462v1_genomic.fna
GCF_013344645.1	ok	<PROJECT_ROOT>\comparative_analysis\06_public_panel\downloads\GCF_013344645.1\data\GCF_013344645.1_ASM1334464v1_genomic.fna
GCF_013344665.1	ok	<PROJECT_ROOT>\comparative_analysis\06_public_panel\downloads\GCF_013344665.1\data\GCF_013344665.1_ASM1334466v1_genomic.fna
GCF_017280035.1	ok	<PROJECT_ROOT>\comparative_analysis\06_public_panel\downloads\GCF_017280035.1\data\GCF_017280035.1_ASM1728003v1_genomic.fna
GCF_017357805.1	ok	<PROJECT_ROOT>\comparative_analysis\06_public_panel\downloads\GCF_017357805.1\data\GCF_017357805.1_ASM1735780v1_genomic.fna
GCF_020881975.1	ok	<PROJECT_ROOT>\comparative_analysis\06_public_panel\downloads\GCF_020881975.1\data\GCF_020881975.1_ASM2088197v1_genomic.fna
GCF_020906605.1	ok	<PROJECT_ROOT>\comparative_analysis\06_public_panel\downloads\GCF_020906605.1\data\GCF_020906605.1_ASM2090660v1_genomic.fna
GCF_022869705.1	ok	<PROJECT_ROOT>\comparative_analysis\06_public_panel\downloads\GCF_022869705.1\data\GCF_022869705.1_ASM2286970v1_genomic.fna
GCF_023299785.1	ok	<PROJECT_ROOT>\comparative_analysis\06_public_panel\downloads\GCF_023299785.1\data\GCF_023299785.1_ASM2329978v1_genomic.fna
GCF_023375505.1	ok	<PROJECT_ROOT>\comparative_analysis\06_public_panel\downloads\GCF_023375505.1\data\GCF_023375505.1_ASM2337550v1_genomic.fna
GCF_023612035.1	ok	<PROJECT_ROOT>\comparative_analysis\06_public_panel\downloads\GCF_023612035.1\data\GCF_023612035.1_ASM2361203v1_genomic.fna
GCF_024267595.1	ok	<PROJECT_ROOT>\comparative_analysis\06_public_panel\downloads\GCF_024267595.1\data\GCF_024267595.1_ASM2426759v1_genomic.fna
GCF_025957845.1	ok	<PROJECT_ROOT>\comparative_analysis\06_public_panel\downloads\GCF_025957845.1\data\GCF_025957845.1_ASM2595784v1_genomic.fna
GCF_025957925.1	ok	<PROJECT_ROOT>\comparative_analysis\06_public_panel\downloads\GCF_025957925.1\data\GCF_025957925.1_ASM2595792v1_genomic.fna
GCF_025958025.1	ok	<PROJECT_ROOT>\comparative_analysis\06_public_panel\downloads\GCF_025958025.1\data\GCF_025958025.1_ASM2595802v1_genomic.fna
GCF_025958065.1	ok	<PROJECT_ROOT>\comparative_analysis\06_public_panel\downloads\GCF_025958065.1\data\GCF_025958065.1_ASM2595806v1_genomic.fna
GCF_025958085.1	ok	<PROJECT_ROOT>\comparative_analysis\06_public_panel\downloads\GCF_025958085.1\data\GCF_025958085.1_ASM2595808v1_genomic.fna
GCF_025958625.1	ok	<PROJECT_ROOT>\comparative_analysis\06_public_panel\downloads\GCF_025958625.1\data\GCF_025958625.1_ASM2595862v1_genomic.fna
GCF_025958845.1	ok	<PROJECT_ROOT>\comparative_analysis\06_public_panel\downloads\GCF_025958845.1\data\GCF_025958845.1_ASM2595884v1_genomic.fna
GCF_025958885.1	ok	<PROJECT_ROOT>\comparative_analysis\06_public_panel\downloads\GCF_025958885.1\data\GCF_025958885.1_ASM2595888v1_genomic.fna
GCF_026650885.1	ok	<PROJECT_ROOT>\comparative_analysis\06_public_panel\downloads\GCF_026650885.1\data\GCF_026650885.1_ASM2665088v1_genomic.fna
GCA_002278015.2	ok	<PROJECT_ROOT>\comparative_analysis\06_public_panel\downloads\GCA_002278015.2\data\GCA_002278015.2_ASM227801v2_genomic.fna
GCA_013391145.1	ok	<PROJECT_ROOT>\comparative_analysis\06_public_panel\downloads\GCA_013391145.1\data\GCA_013391145.1_ASM1339114v1_genomic.fna
GCA_013391165.1	ok	<PROJECT_ROOT>\comparative_analysis\06_public_panel\downloads\GCA_013391165.1\data\GCA_013391165.1_ASM1339116v1_genomic.fna
GCA_013391185.1	ok	<PROJECT_ROOT>\comparative_analysis\06_public_panel\downloads\GCA_013391185.1\data\GCA_013391185.1_ASM1339118v1_genomic.fna
GCA_013391205.1	ok	<PROJECT_ROOT>\comparative_analysis\06_public_panel\downloads\GCA_013391205.1\data\GCA_013391205.1_ASM1339120v1_genomic.fna
GCA_016127235.1	ok	<PROJECT_ROOT>\comparative_analysis\06_public_panel\downloads\GCA_016127235.1\data\GCA_016127235.1_ASM1612723v1_genomic.fna
GCA_043950735.1	ok	<PROJECT_ROOT>\comparative_analysis\06_public_panel\downloads\GCA_043950735.1\data\GCA_043950735.1_ASM4395073v1_genomic.fna
GCA_043950745.1	ok	<PROJECT_ROOT>\comparative_analysis\06_public_panel\downloads\GCA_043950745.1\data\GCA_043950745.1_ASM4395074v1_genomic.fna
GCA_055397995.1	ok	<PROJECT_ROOT>\comparative_analysis\06_public_panel\downloads\GCA_055397995.1\data\GCA_055397995.1_ASM5539799v1_genomic.fna
GCA_060307205.1	ok	<PROJECT_ROOT>\comparative_analysis\06_public_panel\downloads\GCA_060307205.1\data\GCA_060307205.1_ASM6030720v1_genomic.fna
GCA_900636615.1	ok	<PROJECT_ROOT>\comparative_analysis\06_public_panel\downloads\GCA_900636615.1\data\GCA_900636615.1_43116_B01_genomic.fna
GCA_905186115.1	ok	<PROJECT_ROOT>\comparative_analysis\06_public_panel\downloads\GCA_905186115.1\data\GCA_905186115.1_Enterococcus_hirae_canine_HQ_MAG_genomic.fna
GCA_963280925.1	ok	<PROJECT_ROOT>\comparative_analysis\06_public_panel\downloads\GCA_963280925.1\data\GCA_963280925.1_NZ_220527_assembly_011_genomic.fna
GCF_002278015.2	ok	<PROJECT_ROOT>\comparative_analysis\06_public_panel\downloads\GCF_002278015.2\data\GCF_002278015.2_ASM227801v2_genomic.fna
GCF_013391145.1	ok	<PROJECT_ROOT>\comparative_analysis\06_public_panel\downloads\GCF_013391145.1\data\GCF_013391145.1_ASM1339114v1_genomic.fna
GCF_013391165.1	ok	<PROJECT_ROOT>\comparative_analysis\06_public_panel\downloads\GCF_013391165.1\data\GCF_013391165.1_ASM1339116v1_genomic.fna
GCF_013391185.1	ok	<PROJECT_ROOT>\comparative_analysis\06_public_panel\downloads\GCF_013391185.1\data\GCF_013391185.1_ASM1339118v1_genomic.fna
GCF_013391205.1	ok	<PROJECT_ROOT>\comparative_analysis\06_public_panel\downloads\GCF_013391205.1\data\GCF_013391205.1_ASM1339120v1_genomic.fna
GCF_016127235.1	ok	<PROJECT_ROOT>\comparative_analysis\06_public_panel\downloads\GCF_016127235.1\data\GCF_016127235.1_ASM1612723v1_genomic.fna
GCF_043950735.1	ok	<PROJECT_ROOT>\comparative_analysis\06_public_panel\downloads\GCF_043950735.1\data\GCF_043950735.1_ASM4395073v1_genomic.fna
GCA_049315075.1	ok	<PROJECT_ROOT>\comparative_analysis\06_public_panel\downloads\GCA_049315075.1\data\GCA_049315075.1_ASM4931507v1_genomic.fna
GCA_049315085.1	ok	<PROJECT_ROOT>\comparative_analysis\06_public_panel\downloads\GCA_049315085.1\data\GCA_049315085.1_ASM4931508v1_genomic.fna
GCA_049315095.1	ok	<PROJECT_ROOT>\comparative_analysis\06_public_panel\downloads\GCA_049315095.1\data\GCA_049315095.1_ASM4931509v1_genomic.fna
GCA_049315105.1	ok	<PROJECT_ROOT>\comparative_analysis\06_public_panel\downloads\GCA_049315105.1\data\GCA_049315105.1_ASM4931510v1_genomic.fna
GCA_049315135.1	ok	<PROJECT_ROOT>\comparative_analysis\06_public_panel\downloads\GCA_049315135.1\data\GCA_049315135.1_ASM4931513v1_genomic.fna
GCA_049315155.1	ok	<PROJECT_ROOT>\comparative_analysis\06_public_panel\downloads\GCA_049315155.1\data\GCA_049315155.1_ASM4931515v1_genomic.fna
GCF_049315075.1	ok	<PROJECT_ROOT>\comparative_analysis\06_public_panel\downloads\GCF_049315075.1\data\GCF_049315075.1_ASM4931507v1_genomic.fna
GCF_049315085.1	ok	<PROJECT_ROOT>\comparative_analysis\06_public_panel\downloads\GCF_049315085.1\ncbi_dataset\data\GCF_049315085.1\GCF_049315085.1_ASM4931508v1_genomic.fna
GCF_049315095.1	ok	<PROJECT_ROOT>\comparative_analysis\06_public_panel\downloads\GCF_049315095.1\ncbi_dataset\data\GCF_049315095.1\GCF_049315095.1_ASM4931509v1_genomic.fna
GCF_049315105.1	ok	<PROJECT_ROOT>\comparative_analysis\06_public_panel\downloads\GCF_049315105.1\ncbi_dataset\data\GCF_049315105.1\GCF_049315105.1_ASM4931510v1_genomic.fna
GCF_049315135.1	ok	<PROJECT_ROOT>\comparative_analysis\06_public_panel\downloads\GCF_049315135.1\ncbi_dataset\data\GCF_049315135.1\GCF_049315135.1_ASM4931513v1_genomic.fna
GCF_049315155.1	ok	<PROJECT_ROOT>\comparative_analysis\06_public_panel\downloads\GCF_049315155.1\ncbi_dataset\data\GCF_049315155.1\GCF_049315155.1_ASM4931515v1_genomic.fna
GCA_002216705.1	ok	<PROJECT_ROOT>\comparative_analysis\06_public_panel\downloads\GCA_002216705.1\ncbi_dataset\data\GCA_002216705.1\GCA_002216705.1_ASM221670v1_genomic.fna
GCA_053764515.1	ok	<PROJECT_ROOT>\comparative_analysis\06_public_panel\downloads\GCA_053764515.1\ncbi_dataset\data\GCA_053764515.1\GCA_053764515.1_ASM5376451v1_genomic.fna
GCA_056487465.1	MISSING	
GCA_056487485.1	ok	<PROJECT_ROOT>\comparative_analysis\06_public_panel\downloads\GCA_056487485.1\ncbi_dataset\data\GCA_056487485.1\GCA_056487485.1_ASM5648748v1_genomic.fna
GCA_931972305.1	ok	<PROJECT_ROOT>\comparative_analysis\06_public_panel\downloads\GCA_931972305.1\ncbi_dataset\data\GCA_931972305.1\GCA_931972305.1_P2005_genomic.fna
GCF_002216705.1	ok	<PROJECT_ROOT>\comparative_analysis\06_public_panel\downloads\GCF_002216705.1\ncbi_dataset\data\GCF_002216705.1\GCF_002216705.1_ASM221670v1_genomic.fna
GCF_053764515.1	ok	<PROJECT_ROOT>\comparative_analysis\06_public_panel\downloads\GCF_053764515.1\ncbi_dataset\data\GCF_053764515.1\GCF_053764515.1_ASM5376451v1_genomic.fna
GCF_056487465.1	ok	<PROJECT_ROOT>\comparative_analysis\06_public_panel\downloads\GCF_056487465.1\ncbi_dataset\data\GCF_056487465.1\GCF_056487465.1_ASM5648746v1_genomic.fna
GCF_931972305.1	ok	<PROJECT_ROOT>\comparative_analysis\06_public_panel\downloads\GCF_931972305.1\ncbi_dataset\data\GCF_931972305.1\GCF_931972305.1_P2005_genomic.fna
GCA_002813755.1	ok	<PROJECT_ROOT>\comparative_analysis\06_public_panel\downloads\GCA_002813755.1\ncbi_dataset\data\GCA_002813755.1\GCA_002813755.1_ASM281375v1_genomic.fna
GCA_003711125.1	ok	<PROJECT_ROOT>\comparative_analysis\06_public_panel\downloads\GCA_003711125.1\ncbi_dataset\data\GCA_003711125.1\GCA_003711125.1_ASM371112v1_genomic.fna
GCA_013394325.1	ok	<PROJECT_ROOT>\comparative_analysis\06_public_panel\downloads\GCA_013394325.1\ncbi_dataset\data\GCA_013394325.1\GCA_013394325.1_ASM1339432v1_genomic.fna
GCF_003711125.1	ok	<PROJECT_ROOT>\comparative_analysis\06_public_panel\downloads\GCF_003711125.1\ncbi_dataset\data\GCF_003711125.1\GCF_003711125.1_ASM371112v1_genomic.fna
GCF_013394325.1	ok	<PROJECT_ROOT>\comparative_analysis\06_public_panel\downloads\GCF_013394325.1\ncbi_dataset\data\GCF_013394325.1\GCF_013394325.1_ASM1339432v1_genomic.fna
GCA_005347505.1	ok	<PROJECT_ROOT>\comparative_analysis\06_public_panel\downloads\GCA_005347505.1\ncbi_dataset\data\GCA_005347505.1\GCA_005347505.1_ASM534750v1_genomic.fna
GCA_000157355.2	ok	<PROJECT_ROOT>\comparative_analysis\06_public_panel\downloads\GCA_000157355.2\ncbi_dataset\data\GCA_000157355.2\GCA_000157355.2_ASM15735v2_genomic.fna
GCA_022870765.1	ok	<PROJECT_ROOT>\comparative_analysis\06_public_panel\downloads\GCA_022870765.1\ncbi_dataset\data\GCA_022870765.1\GCA_022870765.1_ASM2287076v1_genomic.fna
GCA_023523715.1	ok	<PROJECT_ROOT>\comparative_analysis\06_public_panel\downloads\GCA_023523715.1\ncbi_dataset\data\GCA_023523715.1\GCA_023523715.1_ASM2352371v1_genomic.fna
GCA_029201225.1	ok	<PROJECT_ROOT>\comparative_analysis\06_public_panel\downloads\GCA_029201225.1\ncbi_dataset\data\GCA_029201225.1\GCA_029201225.1_ASM2920122v1_genomic.fna
GCA_029215545.1	ok	<PROJECT_ROOT>\comparative_analysis\06_public_panel\downloads\GCA_029215545.1\ncbi_dataset\data\GCA_029215545.1\GCA_029215545.1_ASM2921554v1_genomic.fna
GCA_009730155.1	ok	<PROJECT_ROOT>\comparative_analysis\06_public_panel\downloads\GCA_009730155.1\data\GCA_009730155.1_ASM973015v1_genomic.fna
GCA_041930275.1	ok	<PROJECT_ROOT>\comparative_analysis\06_public_panel\downloads\GCA_041930275.1\data\GCA_041930275.1_ASM4193027v1_genomic.fna
GCA_041952535.1	ok	<PROJECT_ROOT>\comparative_analysis\06_public_panel\downloads\GCA_041952535.1\data\GCA_041952535.1_ASM4195253v1_genomic.fna
GCA_045039055.1	ok	<PROJECT_ROOT>\comparative_analysis\06_public_panel\downloads\GCA_045039055.1\data\GCA_045039055.1_ASM4503905v1_genomic.fna
GCF_009730155.1	ok	<PROJECT_ROOT>\comparative_analysis\06_public_panel\downloads\GCF_009730155.1\data\GCF_009730155.1_ASM973015v1_genomic.fna
GCA_019797905.1	ok	<PROJECT_ROOT>\comparative_analysis\06_public_panel\downloads\GCA_019797905.1\data\GCA_019797905.1_ASM1979790v1_genomic.fna
GCA_025402795.1	ok	<PROJECT_ROOT>\comparative_analysis\06_public_panel\downloads\GCA_025402795.1\data\GCA_025402795.1_ASM2540279v1_genomic.fna
GCA_025402855.1	ok	<PROJECT_ROOT>\comparative_analysis\06_public_panel\downloads\GCA_025402855.1\data\GCA_025402855.1_ASM2540285v1_genomic.fna
GCF_019797905.1	ok	<PROJECT_ROOT>\comparative_analysis\06_public_panel\downloads\GCF_019797905.1\data\GCF_019797905.1_ASM1979790v1_genomic.fna
GCA_002290025.1	ok	<PROJECT_ROOT>\comparative_analysis\06_public_panel\downloads\GCA_002290025.1\data\GCA_002290025.1_ASM229002v1_genomic.fna
GCF_002290025.1	ok	<PROJECT_ROOT>\comparative_analysis\06_public_panel\downloads\GCF_002290025.1\data\GCF_002290025.1_ASM229002v1_genomic.fna
GCA_988235375.1	ok	<PROJECT_ROOT>\comparative_analysis\06_public_panel\downloads\GCA_988235375.1\data\GCA_988235375.1_IF3HH17002_genomic.fna
GCA_988236725.1	ok	<PROJECT_ROOT>\comparative_analysis\06_public_panel\downloads\GCA_988236725.1\data\GCA_988236725.1_PF3HH23002_genomic.fna
GCA_000006865.1	ok	<PROJECT_ROOT>\comparative_analysis\06_public_panel\downloads\GCA_000006865.1\data\GCA_000006865.1_ASM686v1_genomic.fna
GCA_000344575.1	ok	<PROJECT_ROOT>\comparative_analysis\06_public_panel\downloads\GCA_000344575.1\data\GCA_000344575.1_ASM34457v1_genomic.fna
GCA_000761115.1	ok	<PROJECT_ROOT>\comparative_analysis\06_public_panel\downloads\GCA_000761115.1\data\GCA_000761115.1_ASM76111v1_genomic.fna
GCA_000807375.1	ok	<PROJECT_ROOT>\comparative_analysis\06_public_panel\downloads\GCA_000807375.1\data\GCA_000807375.1_ASM80737v1_genomic.fna
GCA_002804185.1	ok	<PROJECT_ROOT>\comparative_analysis\06_public_panel\downloads\GCA_002804185.1\data\GCA_002804185.1_ASM280418v1_genomic.fna
GCA_002804285.1	ok	<PROJECT_ROOT>\comparative_analysis\06_public_panel\downloads\GCA_002804285.1\data\GCA_002804285.1_ASM280428v1_genomic.fna
GCA_002895225.1	ok	<PROJECT_ROOT>\comparative_analysis\06_public_panel\downloads\GCA_002895225.1\data\GCA_002895225.1_ASM289522v1_genomic.fna
GCA_003722255.1	ok	<PROJECT_ROOT>\comparative_analysis\06_public_panel\downloads\GCA_003722255.1\data\GCA_003722255.1_ASM372225v1_genomic.fna
