gene	accession	contig	pident	alen	qcov	evalue	sstart	send
enterocinP_like	GCF_052655665.1	GCF_052655665.1|NZ_CP199784.1	98.148	54	100.0	3.93e-29	2692904	2693065
enterocinP_like	GCF_056582645.1	GCF_056582645.1|NZ_JBVYOC010000002.1	98.148	54	100.0	3.93e-29	74566	74405
enterocinP_like	GCF_056582645.1	GCF_056582645.1|NZ_JBVYOC010000002.1	40.816	49	90.7	3.52e-06	41127	40984
enterocinP_like	GCF_006337145.1	GCF_006337145.1|NZ_CP040877.1	94.444	54	100.0	6.11e-28	74506	74345
enterocinP_like	GCF_006337145.1	GCF_006337145.1|NZ_CP040877.1	40.816	49	90.7	3.52e-06	83885	84028
enterocinP_like	GCA_060307225.1	GCA_060307225.1|CP162862.1	94.444	54	100.0	6.11e-28	143158	143319
enterocinP_like	GCA_060307225.1	GCA_060307225.1|CP162862.1	40.816	49	90.7	3.52e-06	133779	133636
enterocinP_like	GCA_060306215.1	GCA_060306215.1|CP162860.1	94.444	54	100.0	6.11e-28	143158	143319
enterocinP_like	GCA_060306215.1	GCA_060306215.1|CP162860.1	40.816	49	90.7	3.52e-06	133779	133636
enterocinP_like	GCA_988237225.1	GCA_988237225.1|OZ544146.1	94.444	54	100.0	6.11e-28	102378	102539
enterocinP_like	GCA_988237225.1	GCA_988237225.1|OZ544146.1	94.444	54	100.0	6.11e-28	14731	14570
enterocinP_like	GCA_019203145.1	GCA_019203145.1|CP078095.1	94.444	54	100.0	6.11e-28	81159	80998
enterocinP_like	GCA_019203145.1	GCA_019203145.1|CP078095.1	40.816	49	90.7	3.52e-06	40968	41111
enterocinP_like	GCF_002850515.1	GCF_002850515.1|NZ_CP021885.1	94.444	54	100.0	6.11e-28	515389	515228
enterocinP_like	GCF_003711605.1	GCF_003711605.1|NZ_CP033377.1	88.889	54	100.0	5.63e-26	36181	36342
enterocinP_like	GCF_003711605.1	GCF_003711605.1|NZ_CP033377.1	40.816	49	90.7	3.52e-06	26802	26659
enterocinP_like	GCF_036669985.1	GCF_036669985.1|NZ_CP123615.1	80.392	51	94.4	4.79e-21	1810405	1810253
enterocinP_like	GCA_058072705.1	GCA_058072705.1|CM176513.1	80.392	51	94.4	4.79e-21	1845778	1845626
enterocinP_like	GCF_015377765.1	GCF_015377765.1|NZ_CP045602.1	80.392	51	94.4	4.79e-21	1854232	1854080
enterocinP_like	GCF_003667965.1	GCF_003667965.1|NZ_CP033041.1	80.392	51	94.4	4.79e-21	1854331	1854179
enterocinP_like	GCF_033954915.1	GCF_033954915.1|NZ_CP123613.1	80.392	51	94.4	4.79e-21	1854233	1854081
enterocinP_like	GCF_033954895.1	GCF_033954895.1|NZ_CP123611.1	80.392	51	94.4	4.79e-21	1855564	1855412
enterocinP_like	GCF_023612275.1	GCF_023612275.1|NZ_CP063766.1	80.392	51	94.4	4.79e-21	1855531	1855379
enterocinP_like	GCA_055397705.1	GCA_055397705.1|AP044031.1	73.810	42	77.8	1.21e-15	1309397	1309522
enterocinP_like	GCA_030490365.1	GCA_030490365.1|CP129888.1	40.816	49	90.7	3.52e-06	43234	43377
enterocinP_like	GCA_019343125.1	GCA_019343125.1|CP079881.1	40.816	49	90.7	3.52e-06	51801	51944
enterocinP_like	GCA_033954875.1	GCA_033954875.1|CP123608.1	40.816	49	90.7	3.52e-06	89005	88862
hiracinJM79_like	GCF_003711605.1	GCF_003711605.1|NZ_CP033377.1	98.507	67	100.0	6.36e-37	26829	26629
hiracinJM79_like	GCF_003711605.1	GCF_003711605.1|NZ_CP033377.1	45.614	57	83.6	2.76e-09	36157	36327
hiracinJM79_like	GCF_056582645.1	GCF_056582645.1|NZ_JBVYOC010000002.1	98.507	67	100.0	6.36e-37	41154	40954
hiracinJM79_like	GCF_056582645.1	GCF_056582645.1|NZ_JBVYOC010000002.1	39.655	58	85.1	4.00e-07	74590	74417
hiracinJM79_like	GCF_006337145.1	GCF_006337145.1|NZ_CP040877.1	98.507	67	100.0	6.36e-37	83858	84058
hiracinJM79_like	GCF_006337145.1	GCF_006337145.1|NZ_CP040877.1	44.828	58	85.1	4.17e-09	74530	74357
hiracinJM79_like	GCA_060307225.1	GCA_060307225.1|CP162862.1	98.507	67	100.0	6.37e-37	133806	133606
hiracinJM79_like	GCA_060307225.1	GCA_060307225.1|CP162862.1	44.828	58	85.1	4.17e-09	143134	143307
hiracinJM79_like	GCA_060306215.1	GCA_060306215.1|CP162860.1	98.507	67	100.0	6.37e-37	133806	133606
hiracinJM79_like	GCA_060306215.1	GCA_060306215.1|CP162860.1	44.828	58	85.1	4.17e-09	143134	143307
hiracinJM79_like	GCA_019343125.1	GCA_019343125.1|CP079881.1	98.507	67	100.0	6.37e-37	51774	51974
hiracinJM79_like	GCA_019203145.1	GCA_019203145.1|CP078095.1	98.507	67	100.0	6.37e-37	40941	41141
hiracinJM79_like	GCA_019203145.1	GCA_019203145.1|CP078095.1	44.828	58	85.1	4.17e-09	81183	81010
hiracinJM79_like	GCA_033954875.1	GCA_033954875.1|CP123608.1	98.507	67	100.0	6.37e-37	89032	88832
hiracinJM79_like	GCF_020881975.1	GCF_020881975.1|NZ_CP086411.1	97.015	67	100.0	2.39e-36	509480	509680
hiracinJM79_like	GCA_030490365.1	GCA_030490365.1|CP129888.1	100.000	63	94.0	8.04e-35	43219	43407
hiracinJM79_like	GCF_052655665.1	GCF_052655665.1|NZ_CP199784.1	94.340	53	79.1	1.76e-25	2711446	2711288
hiracinJM79_like	GCF_052655665.1	GCF_052655665.1|NZ_CP199784.1	39.655	58	85.1	4.00e-07	2692880	2693053
hiracinJM79_like	GCF_030584585.1	GCF_030584585.1|NZ_CP130882.1	59.574	47	70.1	6.46e-11	1996705	1996568
hiracinJM79_like	GCF_030584605.1	GCF_030584605.1|NZ_CP130881.1	59.574	47	70.1	6.46e-11	2771186	2771323
hiracinJM79_like	GCF_030584685.1	GCF_030584685.1|NZ_CP130883.1	59.574	47	70.1	6.46e-11	1941381	1941244
hiracinJM79_like	GCA_963280925.1	GCA_963280925.1|OY725462.1	59.574	47	70.1	1.23e-10	1340386	1340523
hiracinJM79_like	GCA_988237225.1	GCA_988237225.1|OZ544146.1	44.828	58	85.1	4.17e-09	14755	14582
hiracinJM79_like	GCA_988237225.1	GCA_988237225.1|OZ544146.1	43.103	58	85.1	2.81e-08	102354	102527
hiracinJM79_like	GCF_036669985.1	GCF_036669985.1|NZ_CP123615.1	43.103	58	85.1	2.70e-08	1810429	1810256
hiracinJM79_like	GCA_058072705.1	GCA_058072705.1|CM176513.1	43.103	58	85.1	2.70e-08	1845802	1845629
hiracinJM79_like	GCF_015377765.1	GCF_015377765.1|NZ_CP045602.1	43.103	58	85.1	2.70e-08	1854256	1854083
hiracinJM79_like	GCF_003667965.1	GCF_003667965.1|NZ_CP033041.1	43.103	58	85.1	2.70e-08	1854355	1854182
hiracinJM79_like	GCF_033954915.1	GCF_033954915.1|NZ_CP123613.1	43.103	58	85.1	2.70e-08	1854257	1854084
hiracinJM79_like	GCF_033954895.1	GCF_033954895.1|NZ_CP123611.1	43.103	58	85.1	2.70e-08	1855588	1855415
hiracinJM79_like	GCF_023612275.1	GCF_023612275.1|NZ_CP063766.1	43.103	58	85.1	2.70e-08	1855555	1855382
hiracinJM79_like	GCF_002850515.1	GCF_002850515.1|NZ_CP021885.1	43.103	58	85.1	2.81e-08	515413	515240
hiracinJM79_like	GCA_055397705.1	GCA_055397705.1|AP044031.1	48.837	43	62.7	9.03e-07	1309373	1309501
sakacinA_immunity	GCF_056582645.1	GCF_056582645.1|NZ_JBVYOC010000002.1	100.000	88	100.0	2.19e-52	74392	74129
sakacinA_immunity	GCF_052655665.1	GCF_052655665.1|NZ_CP199784.1	98.864	88	100.0	7.09e-52	2693078	2693341
sakacinA_immunity	GCF_002850515.1	GCF_002850515.1|NZ_CP021885.1	95.455	88	100.0	4.42e-50	515215	514952
sakacinA_immunity	GCA_988237225.1	GCA_988237225.1|OZ544146.1	95.455	88	100.0	4.68e-50	102552	102815
sakacinA_immunity	GCA_988237225.1	GCA_988237225.1|OZ544146.1	94.318	88	100.0	5.52e-50	14562	14299
sakacinA_immunity	GCF_006337145.1	GCF_006337145.1|NZ_CP040877.1	94.318	88	100.0	4.96e-50	74337	74074
sakacinA_immunity	GCA_060307225.1	GCA_060307225.1|CP162862.1	94.318	88	100.0	4.96e-50	143327	143590
sakacinA_immunity	GCA_060306215.1	GCA_060306215.1|CP162860.1	94.318	88	100.0	4.96e-50	143327	143590
sakacinA_immunity	GCA_019203145.1	GCA_019203145.1|CP078095.1	94.318	88	100.0	5.52e-50	80990	80727
sakacinA_immunity	GCF_003711605.1	GCF_003711605.1|NZ_CP033377.1	94.318	88	100.0	6.38e-50	36350	36613
sakacinA_immunity	GCA_055397705.1	GCA_055397705.1|AP044031.1	51.852	81	92.0	1.23e-21	1309601	1309843
sakacinA_immunity	GCF_036669985.1	GCF_036669985.1|NZ_CP123615.1	51.852	81	92.0	1.23e-21	1810200	1809958
sakacinA_immunity	GCA_058072705.1	GCA_058072705.1|CM176513.1	51.852	81	92.0	1.23e-21	1845573	1845331
sakacinA_immunity	GCF_015377765.1	GCF_015377765.1|NZ_CP045602.1	51.852	81	92.0	1.23e-21	1854027	1853785
sakacinA_immunity	GCF_003667965.1	GCF_003667965.1|NZ_CP033041.1	51.852	81	92.0	1.23e-21	1854126	1853884
sakacinA_immunity	GCF_033954915.1	GCF_033954915.1|NZ_CP123613.1	51.852	81	92.0	1.23e-21	1854028	1853786
sakacinA_immunity	GCF_033954895.1	GCF_033954895.1|NZ_CP123611.1	51.852	81	92.0	1.23e-21	1855359	1855117
sakacinA_immunity	GCF_023612275.1	GCF_023612275.1|NZ_CP063766.1	51.852	81	92.0	1.23e-21	1855326	1855084
