accession	query_cov_pct	identity_wt	contigs	class	main_contig
GCA_000157355.2	2.4	83.15	1	trace	GCA_000157355.2|CP004856.1(3427276bp)
GCA_000761115.1	0.1	83.1	1	trace	GCA_000761115.1|CP009472.1(2398091bp)
GCA_000807375.1	8.2	96.89	1	fragment	GCA_000807375.1|CP010050.1(2488699bp)
GCA_002813755.1	14.9	84.05	2	fragment	GCA_002813755.1|CP018062.1(147076bp)
GCA_005347505.1	12.6	93.09	2	fragment	GCA_005347505.1|CP034169.1(4794392bp)
GCA_019203145.1	57.6	95.91	2	partial_backbone	GCA_019203145.1|CP078095.1(211593bp)
GCA_019343125.1	59.2	98.34	2	partial_backbone	GCA_019343125.1|CP079881.1(168866bp)
GCA_019967715.1	57.7	98.46	2	partial_backbone	GCA_019967715.1|CP082964.1(171569bp)
GCA_022870765.1	2.3	87.98	1	trace	GCA_022870765.1|CP086066.1(3784641bp)
GCA_023523715.1	18.5	96.43	1	fragment	GCA_023523715.1|CP053180.1(3337345bp)
GCA_025402795.1	9.5	93.98	2	fragment	GCA_025402795.1|CP104764.1(3200986bp)
GCA_025402855.1	3.3	78.94	1	trace	GCA_025402855.1|CP104762.1(3274514bp)
GCA_029201225.1	2.6	82.63	1	trace	GCA_029201225.1|CP119296.1(3623851bp)
GCA_029215545.1	7.5	95.48	1	fragment	GCA_029215545.1|CP119393.1(3662325bp)
GCA_030490365.1	55.4	95.8	2	partial_backbone	GCA_030490365.1|CP129888.1(150517bp)
GCA_033954875.1	67.7	96.69	2	partial_backbone	GCA_033954875.1|CP123608.1(218594bp)
GCA_041930275.1	25.2	96.2	1	fragment	GCA_041930275.1|CP169314.1(3150305bp)
GCA_041952535.1	27.0	95.19	1	fragment	GCA_041952535.1|CP169563.1(3284599bp)
GCA_043950745.1	26.0	94.07	1	fragment	GCA_043950745.1|CP170115.1(2676653bp)
GCA_045039055.1	25.1	94.08	1	fragment	GCA_045039055.1|CP170114.1(3264692bp)
GCA_049315075.1	34.2	98.2	1	partial_backbone	GCA_049315075.1|CP186063.1(2990689bp)
GCA_049315085.1	34.2	97.52	1	partial_backbone	GCA_049315085.1|CP186064.1(2988502bp)
GCA_049315095.1	34.2	97.52	1	partial_backbone	GCA_049315095.1|CP186065.1(2988487bp)
GCA_049315105.1	34.4	97.91	1	partial_backbone	GCA_049315105.1|CP186062.1(3125355bp)
GCA_049315135.1	34.0	97.73	1	partial_backbone	GCA_049315135.1|CP186066.1(2962084bp)
GCA_055397705.1	26.6	91.89	1	fragment	GCA_055397705.1|AP044031.1(2681962bp)
GCA_055397995.1	8.1	84.2	1	fragment	GCA_055397995.1|AP044030.1(2777603bp)
GCA_056487485.1	6.1	76.49	1	fragment	GCA_056487485.1|CM151350.1(3084887bp)
GCA_058072705.1	43.5	95.95	2	partial_backbone	GCA_058072705.1|JBYRHO010000002.1(80193bp)
GCA_060306215.1	60.8	98.46	2	partial_backbone	GCA_060306215.1|CP162860.1(160630bp)
GCA_060307205.1	25.9	93.68	1	fragment	GCA_060307205.1|CP160896.1(2686869bp)
GCA_060307225.1	60.8	98.46	2	partial_backbone	GCA_060307225.1|CP162862.1(160630bp)
GCA_061568495.1	20.6	93.95	1	fragment	GCA_061568495.1|CM197111.1(2686354bp)
GCA_900636615.1	10.2	85.3	1	fragment	GCA_900636615.1|LR134297.1(2741688bp)
GCA_905186115.1	9.1	83.15	1	fragment	GCA_905186115.1|LR994474.1(2780723bp)
GCA_963280925.1	23.6	94.46	1	fragment	GCA_963280925.1|OY725462.1(2853858bp)
GCA_988235375.1	17.2	93.43	3	fragment	GCA_988235375.1|OZ543514.1(2735036bp)
GCA_988236725.1	17.2	93.43	3	fragment	GCA_988236725.1|OZ544020.1(2735038bp)
GCA_988237225.1	59.2	98.38	2	partial_backbone	GCA_988237225.1|OZ544146.1(179175bp)
GCF_001298485.1	21.3	97.73	1	fragment	GCF_001298485.1|NZ_CP012522.1(2572333bp)
GCF_001412695.1	29.9	96.04	2	fragment	GCF_001412695.1|NZ_CP013009.1(2686859bp)
GCF_001598635.1	27.2	98.26	1	fragment	GCF_001598635.1|NZ_CP014949.1(2803429bp)
GCF_001689055.2	16.7	98.39	1	fragment	GCF_001689055.2|NZ_CP015410.2(3026009bp)
GCF_002208945.1	21.6	96.38	1	fragment	GCF_002208945.1|NZ_CP022059.1(2861022bp)
GCF_002216705.1	15.9	92.06	1	fragment	GCF_002216705.1|NZ_CP022340.1(3014434bp)
GCF_002278015.2	8.9	83.27	1	fragment	GCF_002278015.2|NZ_CP023011.2(2845651bp)
GCF_002289045.2	19.4	97.8	1	fragment	GCF_002289045.2|NZ_CP029612.1(3132715bp)
GCF_002290025.1	4.0	77.93	1	trace	GCF_002290025.1|NZ_CP023074.1(2646250bp)
GCF_002355755.1	0.8	78.11	1	trace	GCF_002355755.1|NZ_AP017623.1(2704865bp)
GCF_002761555.1	22.8	97.09	1	fragment	GCF_002761555.1|NZ_CP021849.1(2736595bp)
GCF_002831505.1	24.2	97.06	2	fragment	GCF_002831505.1|NZ_CP025077.1(2630073bp)
GCF_002850515.1	46.2	99.01	1	partial_backbone	GCF_002850515.1|NZ_CP021885.1(2496099bp)
GCF_002983785.1	44.8	96.67	2	partial_backbone	GCF_002983785.1|NZ_CP027401.1(159454bp)
GCF_003269465.1	8.6	82.0	1	fragment	GCF_003269465.1|NZ_CP030110.1(2683778bp)
GCF_003667965.1	43.5	95.92	2	partial_backbone	GCF_003667965.1|NZ_CP033041.1(2724445bp)
GCF_003711125.1	5.0	89.35	1	trace	GCF_003711125.1|NZ_CP024590.1(3723378bp)
GCF_003711605.1	36.4	95.57	2	partial_backbone	GCF_003711605.1|NZ_CP033376.1(2588149bp)
GCF_003812665.1	11.6	96.26	1	fragment	GCF_003812665.1|NZ_CP033787.1(2963654bp)
GCF_004332055.1	28.4	96.81	2	fragment	GCF_004332055.1|NZ_CP028727.1(2586979bp)
GCF_005484525.1	0.8	77.04	1	trace	GCF_005484525.1|NZ_CP039434.1(2696714bp)
GCF_006337145.1	60.2	97.79	2	partial_backbone	GCF_006337145.1|NZ_CP040877.1(154417bp)
GCF_006351785.1	43.0	96.59	2	partial_backbone	GCF_006351785.1|NZ_CP040906.1(133232bp)
GCF_006351845.1	40.1	96.57	2	partial_backbone	GCF_006351845.1|NZ_CP040905.1(198480bp)
GCF_006364815.1	0.2	87.01	1	trace	GCF_006364815.1|NZ_CP041012.1(2845446bp)
GCF_006494835.1	15.6	91.36	1	fragment	GCF_006494835.1|NZ_CP039296.1(3238854bp)
GCF_006494855.1	11.6	94.64	1	fragment	GCF_006494855.1|NZ_CP039548.1(3218315bp)
GCF_006494875.1	11.6	94.64	1	fragment	GCF_006494875.1|NZ_CP039549.1(3201501bp)
GCF_006766145.1	1.0	80.45	1	trace	GCF_006766145.1|NZ_CP041344.1(2785968bp)
GCF_007923665.2	19.3	96.07	2	fragment	GCF_007923665.2|NZ_CP038168.1(2560245bp)
GCF_007923785.2	19.1	96.71	2	fragment	GCF_007923785.2|NZ_CP038172.1(2515672bp)
GCF_007923865.2	19.9	95.91	2	fragment	GCF_007923865.2|NZ_CP038166.1(2478931bp)
GCF_007923885.2	20.2	95.6	2	fragment	GCF_007923885.2|NZ_CP038170.1(2459230bp)
GCF_007923905.2	19.9	96.64	2	fragment	GCF_007923905.2|NZ_CP038177.1(2423317bp)
GCF_007923925.2	20.0	96.3	2	fragment	GCF_007923925.2|NZ_CP038164.1(2542049bp)
GCF_007923945.2	23.8	97.56	2	fragment	GCF_007923945.2|NZ_CP038163.1(2639821bp)
GCF_007923965.2	29.8	96.19	2	fragment	GCF_007923965.2|NZ_CP038174.1(2672619bp)
GCF_008330605.1	58.6	98.95	2	partial_backbone	GCF_008330605.1|NZ_CP043485.1(168626bp)
GCF_009730155.1	25.6	95.65	1	fragment	GCF_009730155.1|NZ_CP046307.1(3274932bp)
GCF_009734005.1	24.5	96.31	2	fragment	GCF_009734005.1|NZ_CP038996.1(2796178bp)
GCF_009938075.1	23.2	96.12	1	fragment	GCF_009938075.1|NZ_CP038995.1(2736390bp)
GCF_010103655.1	4.8	95.07	1	trace	GCF_010103655.1|NZ_CP045045.1(2933718bp)
GCF_010120755.1	19.6	96.82	2	fragment	GCF_010120755.1|NZ_CP039729.1(2736723bp)
GCF_011745645.1	20.6	93.93	1	fragment	GCF_011745645.1|NZ_CP050255.1(2684010bp)
GCF_012045365.1	51.3	96.07	2	partial_backbone	GCF_012045365.1|NZ_CP050649.1(141022bp)
GCF_012045505.1	51.3	96.07	2	partial_backbone	GCF_012045505.1|NZ_CP050651.1(141022bp)
GCF_012594215.1	4.6	93.7	1	trace	GCF_012594215.1|NZ_CP051005.1(2993403bp)
GCF_013201055.1	20.6	93.96	1	fragment	GCF_013201055.1|NZ_CP053704.1(2685395bp)
GCF_013344625.1	16.5	96.18	1	fragment	GCF_013344625.1|NZ_CP046111.1(2934437bp)
GCF_013344645.1	16.5	96.49	1	fragment	GCF_013344645.1|NZ_CP046112.1(2937521bp)
GCF_013344665.1	0.7	79.74	1	trace	GCF_013344665.1|NZ_CP046113.1(2675479bp)
GCF_013391145.1	22.6	92.86	1	fragment	GCF_013391145.1|NZ_CP055229.1(2711996bp)
GCF_013391165.1	8.9	83.27	1	fragment	GCF_013391165.1|NZ_CP055230.1(2835470bp)
GCF_013391185.1	18.2	88.38	1	fragment	GCF_013391185.1|NZ_CP055231.1(2735684bp)
GCF_013391205.1	9.1	83.12	1	fragment	GCF_013391205.1|NZ_CP055232.1(2951512bp)
GCF_013394325.1	1.3	74.14	1	trace	GCF_013394325.1|NZ_AP019814.1(3623727bp)
GCF_015377765.1	43.5	95.96	2	partial_backbone	GCF_015377765.1|NZ_CP045603.1(78670bp)
GCF_015767695.1	22.5	97.18	1	fragment	GCF_015767695.1|NZ_CP065210.1(2529606bp)
GCF_015767715.1	17.9	91.12	1	fragment	GCF_015767715.1|NZ_CP065211.1(2720716bp)
GCF_016127235.1	9.4	83.58	1	fragment	GCF_016127235.1|NZ_CP065992.1(2831888bp)
GCF_017280035.1	1.9	91.97	1	trace	GCF_017280035.1|NZ_CP071172.1(2846366bp)
GCF_017357805.1	0.7	78.76	1	trace	GCF_017357805.1|NZ_CP046022.1(2761629bp)
GCF_018516845.1	19.6	97.4	2	fragment	GCF_018516845.1|NZ_CP065752.1(2557427bp)
GCF_019456555.1	43.7	97.9	2	partial_backbone	GCF_019456555.1|NZ_CP074106.1(168353bp)
GCF_019456575.1	43.8	97.66	2	partial_backbone	GCF_019456575.1|NZ_CP074108.1(165658bp)
GCF_019456595.1	43.8	97.88	2	partial_backbone	GCF_019456595.1|NZ_CP074110.1(165652bp)
GCF_019797905.1	1.8	74.08	1	trace	GCF_019797905.1|NZ_CP081846.1(2826834bp)
GCF_020881975.1	38.3	97.81	1	partial_backbone	GCF_020881975.1|NZ_CP086411.1(2995874bp)
GCF_020906605.1	4.8	93.97	1	trace	GCF_020906605.1|NZ_CP086726.1(3109622bp)
GCF_022869705.1	27.2	98.27	1	fragment	GCF_022869705.1|NZ_CP064374.1(2866948bp)
GCF_023299785.1	4.8	94.3	1	trace	GCF_023299785.1|NZ_CP097030.1(2777889bp)
GCF_023375505.1	4.8	94.3	1	trace	GCF_023375505.1|NZ_CP091240.1(2824042bp)
GCF_023612035.1	4.9	93.95	1	trace	GCF_023612035.1|NZ_CP080759.1(2934362bp)
GCF_023612275.1	15.4	91.2	1	fragment	GCF_023612275.1|NZ_CP063766.1(2765349bp)
GCF_024267595.1	2.9	90.24	1	trace	GCF_024267595.1|NZ_CP100596.1(2840766bp)
GCF_025957845.1	0.8	76.82	1	trace	GCF_025957845.1|NZ_CP110019.1(2872849bp)
GCF_025957925.1	0.7	78.64	1	trace	GCF_025957925.1|NZ_CP110020.1(2874917bp)
GCF_025958025.1	25.6	98.04	1	fragment	GCF_025958025.1|NZ_CP110036.1(2845082bp)
GCF_025958065.1	0.9	79.37	1	trace	GCF_025958065.1|NZ_CP110039.1(2757740bp)
GCF_025958085.1	0.9	79.37	1	trace	GCF_025958085.1|NZ_CP110040.1(2745951bp)
GCF_025958625.1	2.4	92.04	1	trace	GCF_025958625.1|NZ_CP110053.1(2761658bp)
GCF_025958845.1	27.4	97.61	1	fragment	GCF_025958845.1|NZ_CP110068.1(2995083bp)
GCF_025958885.1	4.6	94.44	1	trace	GCF_025958885.1|NZ_CP110071.1(2863584bp)
GCF_026650885.1	23.3	97.68	1	fragment	GCF_026650885.1|NZ_CP085841.1(2884143bp)
GCF_027915235.1	21.5	93.19	1	fragment	GCF_027915235.1|NZ_CP115812.1(2546756bp)
GCF_030584585.1	19.5	93.26	1	fragment	GCF_030584585.1|NZ_CP130882.1(2944261bp)
GCF_030584605.1	19.5	94.15	1	fragment	GCF_030584605.1|NZ_CP130881.1(2954274bp)
GCF_030584685.1	19.5	93.21	1	fragment	GCF_030584685.1|NZ_CP130883.1(3003360bp)
GCF_030643745.1	20.6	93.42	1	fragment	GCF_030643745.1|NZ_CP041665.1(2559204bp)
GCF_033954895.1	43.5	95.96	2	partial_backbone	GCF_033954895.1|NZ_CP123610.1(78861bp)
GCF_033954915.1	43.5	95.96	2	partial_backbone	GCF_033954915.1|NZ_CP123612.1(78861bp)
GCF_036669985.1	43.5	95.96	2	partial_backbone	GCF_036669985.1|NZ_CP123614.1(80194bp)
GCF_040745045.1	20.6	93.91	1	fragment	GCF_040745045.1|NZ_CP160447.1(2685328bp)
GCF_043950735.1	25.9	93.91	1	fragment	GCF_043950735.1|NZ_CP170116.1(2671783bp)
GCF_049315065.1	20.7	94.0	1	fragment	GCF_049315065.1|NZ_CP186073.1(2598307bp)
GCF_049315115.1	20.4	93.92	1	fragment	GCF_049315115.1|NZ_CP186068.1(2590836bp)
GCF_049315125.1	20.4	93.36	1	fragment	GCF_049315125.1|NZ_CP186069.1(2590834bp)
GCF_049315145.1	20.4	93.36	1	fragment	GCF_049315145.1|NZ_CP186071.1(2590833bp)
GCF_049315155.1	34.2	98.2	1	partial_backbone	GCF_049315155.1|NZ_CP186067.1(2990689bp)
GCF_049315165.1	20.4	93.38	1	fragment	GCF_049315165.1|NZ_CP186070.1(2629230bp)
GCF_049315175.1	20.7	94.01	1	fragment	GCF_049315175.1|NZ_CP186072.1(2598343bp)
GCF_052655065.1	5.4	76.82	1	fragment	GCF_052655065.1|NZ_CP199787.1(2725032bp)
GCF_052655335.1	19.0	88.59	1	fragment	GCF_052655335.1|NZ_CP199788.1(2812410bp)
GCF_052655665.1	66.2	96.7	1	partial_backbone	GCF_052655665.1|NZ_CP199784.1(2791263bp)
GCF_052656575.1	19.1	88.54	1	fragment	GCF_052656575.1|NZ_CP199783.1(2813329bp)
GCF_052657825.1	5.4	76.93	1	fragment	GCF_052657825.1|NZ_CP199785.1(2725032bp)
GCF_052658005.1	5.4	77.09	1	fragment	GCF_052658005.1|NZ_CP199786.1(2752559bp)
GCF_053764515.1	13.1	89.29	1	fragment	GCF_053764515.1|NZ_CM132444.1(3152159bp)
GCF_056487465.1	4.9	77.06	1	trace	GCF_056487465.1|NZ_CM151351.1(3039342bp)
GCF_056582645.1	100.0	100.0	1	full_length_near_identical	GCF_056582645.1|NZ_JBVYOC010000002.1(128837bp)
GCF_931972305.1	8.4	82.15	1	fragment	GCF_931972305.1|NZ_OV996158.1(3106613bp)
GCF_988227945.1	19.6	93.4	1	fragment	GCF_988227945.1|NZ_OZ541722.1(2582667bp)
GCF_988227985.1	19.6	93.4	1	fragment	GCF_988227985.1|NZ_OZ541729.1(2582672bp)
GCF_988228025.1	19.6	93.41	1	fragment	GCF_988228025.1|NZ_OZ541735.1(2582674bp)
