sseqid	pident	length	mismatch	gapopen	qstart	qend	sstart	send	evalue	bitscore	qlen	slen
smbu06_chr	99.856	38953	30	6	38357	77307	1294711	1255783	0.0	69991	77437	2676906
smbu06_chr	100.000	38589	0	0	1	38589	1294371	1255783	0.0	69591	77437	2676906
smbu06_chr	88.352	1262	143	3	41657	42917	1042421	1041163	0.0	1604	77437	2676906
smbu06_chr	88.352	1262	143	3	2938	4198	1042421	1041163	0.0	1604	77437	2676906
smbu06_chr	85.512	566	82	0	43197	43762	1040821	1040256	0.0	652	77437	2676906
smbu06_chr	85.512	566	82	0	4478	5043	1040821	1040256	0.0	652	77437	2676906
smbu06_chr	84.065	615	70	10	39022	39629	1045542	1044949	0.0	648	77437	2676906
smbu06_chr	84.065	615	70	10	303	910	1045542	1044949	0.0	648	77437	2676906
smbu06_chr	75.537	605	148	0	74404	75008	1039465	1038861	2.27e-117	425	77437	2676906
smbu06_chr	75.537	605	148	0	35685	36289	1039465	1038861	2.27e-117	425	77437	2676906
smbu06_chr	84.890	364	30	5	77075	77437	1294711	1294372	1.74e-112	409	77437	2676906
smbu06_chr	81.714	175	31	1	67003	67177	1295621	1295448	2.77e-40	168	77437	2676906
smbu06_chr	81.714	175	31	1	28284	28458	1295621	1295448	2.77e-40	168	77437	2676906
smbu06_chr	97.333	75	2	0	39835	39909	1324850	1324776	8.48e-28	127	77437	2676906
smbu06_chr	97.333	75	2	0	1116	1190	1324850	1324776	8.48e-28	127	77437	2676906
smbu06_chr	95.946	74	3	0	1115	1188	2454799	2454872	1.26e-25	121	77437	2676906
smbu06_chr	95.946	74	3	0	39834	39907	2454799	2454872	1.26e-25	121	77437	2676906
smbu06_chr	85.870	92	13	0	66725	66816	1295693	1295602	7.94e-22	108	77437	2676906
smbu06_chr	85.870	92	13	0	28006	28097	1295693	1295602	7.94e-22	108	77437	2676906
smbu06_chr	83.505	97	16	0	72981	73077	1040256	1040160	9.68e-21	104	77437	2676906
smbu06_chr	83.505	97	16	0	34262	34358	1040256	1040160	9.68e-21	104	77437	2676906
smbu06_chr	85.294	68	5	1	75860	75922	1038143	1038076	3.85e-13	78.8	77437	2676906
smbu06_chr	85.294	68	5	1	37142	37204	1038143	1038076	3.85e-13	78.8	77437	2676906
smbu06_chr	87.500	64	7	1	26643	26706	1295750	1295812	1.35e-12	77.0	77437	2676906
smbu06_chr	87.500	64	7	1	65362	65425	1295750	1295812	1.35e-12	77.0	77437	2676906
