g1	g2	ani	npass_ab	npass_ba
smbu06	smbu08	100.00	2750	2787
smbu06	194	100.00	2749	2749
smbu06	IDCC2105	98.29	2287	2271
smbu06	CX2-6_2	98.82	2336	2356
smbu06	KCTC21015	99.78	2515	2522
smbu06	E_faecium_64-3	95.05	2099	2073
smbu06	E_faecalis_LD33	86.50	167	145
smbu06	L_lactis_MG1363	84.25	36	38
smbu08	194	100.00	2786	2749
smbu08	IDCC2105	98.28	2290	2271
smbu08	CX2-6_2	98.82	2333	2357
smbu08	KCTC21015	99.76	2533	2521
smbu08	E_faecium_64-3	95.04	2098	2073
smbu08	E_faecalis_LD33	86.40	169	145
smbu08	L_lactis_MG1363	84.38	38	38
194	IDCC2105	98.30	2285	2271
194	CX2-6_2	98.83	2335	2355
194	KCTC21015	99.78	2513	2522
194	E_faecium_64-3	95.05	2096	2073
194	E_faecalis_LD33	86.60	170	145
194	L_lactis_MG1363	84.69	39	38
IDCC2105	CX2-6_2	98.04	2223	2242
IDCC2105	KCTC21015	98.31	2229	2230
IDCC2105	E_faecium_64-3	95.28	2085	2087
IDCC2105	E_faecalis_LD33	83.87	138	117
IDCC2105	L_lactis_MG1363	83.63	38	35
CX2-6_2	KCTC21015	98.81	2294	2271
CX2-6_2	E_faecium_64-3	95.38	2074	2054
CX2-6_2	E_faecalis_LD33	86.33	162	140
CX2-6_2	L_lactis_MG1363	84.74	40	38
KCTC21015	E_faecium_64-3	95.07	2080	2084
KCTC21015	E_faecalis_LD33	84.59	144	134
KCTC21015	L_lactis_MG1363	84.02	32	35
E_faecium_64-3	E_faecalis_LD33	84.78	134	127
E_faecium_64-3	L_lactis_MG1363	84.22	37	36
E_faecalis_LD33	L_lactis_MG1363	82.81	35	41
