# Table S9. TBLASTN comparison of the 51 proteins of the 38,719-bp element (smbu06) against the
# Bacillus subtilis 168 genome (GCF_000009045.1). The characterized PBSX prophage occupies
# positions 1,320,570-1,345,795 (xkd genes, NC_000964.3). Columns: query, product, query coords,
# subject, % identity, alignment length, query start-end, subject start-end, E-value, bit score.
query	product	coords	subject	pident	aln_len	qstart	qend	sstart	send	evalue	bitscore
smbu06GL001245	hypothetical_protein	1255929-1257065	NC_000964.3	26.944	360	23	374	530542	529511	2.11e-29	117
smbu06GL001245	hypothetical_protein	1255929-1257065	NC_000964.3	26.367	311	75	367	1687205	1688062	1.75e-16	78.6
smbu06GL001245	hypothetical_protein	1255929-1257065	NC_000964.3	46.296	54	320	373	652120	651959	6.22e-11	56.2
smbu06GL001245	hypothetical_protein	1255929-1257065	NC_000964.3	30.612	49	261	309	652302	652156	6.22e-11	25.8
smbu06GL001245	hypothetical_protein	1255929-1257065	NC_000964.3	25.980	204	165	360	2449184	2448639	1.19e-08	54.3
smbu06GL001248	HTH-type_transcriptional_repressor_RghR	1258520-1258912	NC_000964.3	56.364	55	3	57	3456676	3456840	1.09e-11	58.2
smbu06GL001248	HTH-type_transcriptional_repressor_RghR	1258520-1258912	NC_000964.3	50.909	55	3	57	3457113	3457277	2.74e-11	57.0
smbu06GL001248	HTH-type_transcriptional_repressor_RghR	1258520-1258912	NC_000964.3	37.931	58	3	60	3530104	3530277	1.70e-08	48.9
smbu06GL001248	HTH-type_transcriptional_repressor_RghR	1258520-1258912	NC_000964.3	37.143	70	3	72	2221384	2221178	4.01e-07	45.1
smbu06GL001256	Uncharacterized_protein_YqaJ	1261387-1262328	NC_000964.3	48.220	309	7	312	2696950	2696036	4.34e-89	288
smbu06GL001257	Uncharacterized_protein_YqaK	1262330-1263220	NC_000964.3	48.134	268	1	261	2696027	2695275	3.45e-75	247
smbu06GL001267	hypothetical_protein	1266877-1267518	NC_000964.3	26.471	204	2	197	1324423	1324941	3.38e-06	44.3
smbu06GL001271	Uncharacterized_protein_YqaS	1269532-1270272	NC_000964.3	45.022	231	7	217	2690310	2689630	7.13e-54	184
smbu06GL001271	Uncharacterized_protein_YqaS	1269532-1270272	NC_000964.3	48.026	152	10	146	1267586	1268029	1.58e-37	137
smbu06GL001272	hypothetical_protein	1270238-1271563	NC_000964.3	24.000	450	7	432	1325875	1327119	1.59e-10	60.8
smbu06GL001272	hypothetical_protein	1270238-1271563	NC_000964.3	24.176	273	17	269	2689589	2688837	1.27e-07	51.2
smbu06GL001284	hypothetical_protein	1279749-1284200	NC_000964.3	41.441	111	1277	1374	2673380	2673048	1.37e-10	63.5
smbu06GL001284	hypothetical_protein	1279749-1284200	NC_000964.3	42.342	111	1277	1374	1338293	1338625	4.90e-10	61.6
