accession	contig	gap_bp
GCA_019203145.1	GCA_019203145.1|CP078095.1	40218
GCA_019203145.1	GCA_019203145.1|CP078095.1	149
GCA_019203145.1	GCA_019203145.1|CP078095.1	170
GCA_019203145.1	GCA_019203145.1|CP078095.1	39899
GCA_019343125.1	GCA_019343125.1|CP079881.1	170
GCA_030490365.1	GCA_030490365.1|CP129888.1	158
GCA_033954875.1	GCA_033954875.1|CP123608.1	173
GCA_055397705.1	GCA_055397705.1|AP044031.1	149
GCA_058072705.1	GCA_058072705.1|CM176513.1	149
GCA_060306215.1	GCA_060306215.1|CP162860.1	9713
GCA_060306215.1	GCA_060306215.1|CP162860.1	185
GCA_060306215.1	GCA_060306215.1|CP162860.1	173
GCA_060306215.1	GCA_060306215.1|CP162860.1	9355
GCA_060307225.1	GCA_060307225.1|CP162862.1	9713
GCA_060307225.1	GCA_060307225.1|CP162862.1	185
GCA_060307225.1	GCA_060307225.1|CP162862.1	173
GCA_060307225.1	GCA_060307225.1|CP162862.1	9355
GCA_988237225.1	GCA_988237225.1|OZ544146.1	87957
GCA_988237225.1	GCA_988237225.1|OZ544146.1	185
GCA_988237225.1	GCA_988237225.1|OZ544146.1	149
GCA_988237225.1	GCA_988237225.1|OZ544146.1	87623
GCF_002850515.1	GCF_002850515.1|NZ_CP021885.1	149
GCF_003667965.1	GCF_003667965.1|NZ_CP033041.1	149
GCF_003711605.1	GCF_003711605.1|NZ_CP033377.1	9713
GCF_003711605.1	GCF_003711605.1|NZ_CP033377.1	185
GCF_003711605.1	GCF_003711605.1|NZ_CP033377.1	173
GCF_003711605.1	GCF_003711605.1|NZ_CP033377.1	9355
GCF_006337145.1	GCF_006337145.1|NZ_CP040877.1	9352
GCF_006337145.1	GCF_006337145.1|NZ_CP040877.1	149
GCF_006337145.1	GCF_006337145.1|NZ_CP040877.1	170
GCF_006337145.1	GCF_006337145.1|NZ_CP040877.1	9671
GCF_015377765.1	GCF_015377765.1|NZ_CP045602.1	149
GCF_023612275.1	GCF_023612275.1|NZ_CP063766.1	149
GCF_033954895.1	GCF_033954895.1|NZ_CP123611.1	149
GCF_033954915.1	GCF_033954915.1|NZ_CP123613.1	149
GCF_036669985.1	GCF_036669985.1|NZ_CP123615.1	149
GCF_052655665.1	GCF_052655665.1|NZ_CP199784.1	18223
GCF_052655665.1	GCF_052655665.1|NZ_CP199784.1	185
GCF_056582645.1	GCF_056582645.1|NZ_JBVYOC010000002.1	33612
GCF_056582645.1	GCF_056582645.1|NZ_JBVYOC010000002.1	149
GCF_056582645.1	GCF_056582645.1|NZ_JBVYOC010000002.1	173
GCF_056582645.1	GCF_056582645.1|NZ_JBVYOC010000002.1	33290
