gene	pl1_class	n_with_gene	n_class_total
enterocinP_like	full_length_near_identical	1	1
enterocinP_like	full_length_divergent	0	0
enterocinP_like	partial_backbone	14	34
enterocinP_like	fragment	2	88
enterocinP_like	trace	0	30
enterocinP_like	no_plasmid_hit	0	6
hiracinJM79_like	full_length_near_identical	1	1
hiracinJM79_like	full_length_divergent	0	0
hiracinJM79_like	partial_backbone	10	34
hiracinJM79_like	fragment	0	88
hiracinJM79_like	trace	0	30
hiracinJM79_like	no_plasmid_hit	0	6
sakacinA_immunity	full_length_near_identical	1	1
sakacinA_immunity	full_length_divergent	0	0
sakacinA_immunity	partial_backbone	8	34
sakacinA_immunity	fragment	0	88
sakacinA_immunity	trace	0	30
sakacinA_immunity	no_plasmid_hit	0	6
