strain	gene	identity	evalue	subject	resistance_type	min_identity	resistance_requirement
smbu06	smbu06GL000025	46.1	2.0e-35	ardb_570	vanz	80	--	teicoplanin
smbu06	smbu06GL000446	41.5	1.3e-103	ardb_409	lmrb	80	--	lincomycin
smbu06	smbu06GL000567	42.0	1.1e-37	ardb_403	mefa	80	--	macrolide
smbu06	smbu06GL000578	53.3	2.3e-120	ardb_2523	mdtg	80	--	deoxycholate,fosfomycin
smbu06	smbu06GL000662	67.7	3.0e-196	ardb_2448	lsa	80	--	lincosamide,streptogramin_b,macrolide
smbu06	smbu06GL000946	40.3	5.1e-45	ardb_115	vanre	80	vane,vanxye,vante,vanse	vancomycin
smbu06	smbu06GL000955	41.7	3.8e-45	ardb_1865	bcra	80	bcrc	bacitracin
smbu06	smbu06GL001008	40.1	3.9e-39	ardb_2497	vanra	80	vana,vanha,vanxa,vanya,vansa	vancomycin,teicoplanin
smbu06	smbu06GL001583	76.8	5.5e-123	ardb_2980	baca	30	--	bacitracin
smbu06	smbu06GL001708	40.6	1.2e-30	ardb_13	dfra26	95	--	trimethoprim
smbu06	smbu06GL001824	53.0	3.0e-122	ardb_2672	pmra	80	--	ciprofloxacin,norfloxacin
smbu06	smbu06GL001960	41.0	7.5e-156	ardb_1212	pbp2x	80	--	penicillin
smbu06	smbu06GL002153	42.8	1.9e-31	ardb_1877	aac6ia	80	--	isepamicin,netilmicin,tobramycin,amikacin,sisomicin,dibekacin
smbu06	smbu06GL002247	41.0	1.1e-47	ardb_1551	vanrg	80	vang,vansg,vanyg,vanxyg,vantg,vanwg,vanug	vancomycin
smbu06	smbu06GL002492	43.7	4.5e-112	ardb_404	msra	80	--	lincosamide,streptogramin_b,macrolide
smbu06	smbu06GL002536	41.4	3.4e-65	ardb_2606	bcra	80	bcrc	bacitracin
smbu06	smbu06GL002584	46.2	3.1e-55	ardb_1571	vanrg	80	vang,vansg,vanyg,vanxyg,vantg,vanwg,vanug	vancomycin
smbu08	smbu08GL000024	46.1	2.0e-35	ardb_570	vanz	80	--	teicoplanin
smbu08	smbu08GL000446	41.5	1.3e-103	ardb_409	lmrb	80	--	lincomycin
smbu08	smbu08GL000567	42.0	1.1e-37	ardb_403	mefa	80	--	macrolide
smbu08	smbu08GL000576	53.3	2.3e-120	ardb_2523	mdtg	80	--	deoxycholate,fosfomycin
smbu08	smbu08GL000661	67.7	3.0e-196	ardb_2448	lsa	80	--	lincosamide,streptogramin_b,macrolide
smbu08	smbu08GL000943	40.3	5.1e-45	ardb_115	vanre	80	vane,vanxye,vante,vanse	vancomycin
smbu08	smbu08GL000952	41.7	3.8e-45	ardb_1865	bcra	80	bcrc	bacitracin
smbu08	smbu08GL001005	40.1	3.9e-39	ardb_2497	vanra	80	vana,vanha,vanxa,vanya,vansa	vancomycin,teicoplanin
smbu08	smbu08GL001530	76.8	5.5e-123	ardb_2980	baca	30	--	bacitracin
smbu08	smbu08GL001655	40.6	1.2e-30	ardb_13	dfra26	95	--	trimethoprim
smbu08	smbu08GL001770	53.0	3.0e-122	ardb_2672	pmra	80	--	ciprofloxacin,norfloxacin
smbu08	smbu08GL001906	41.0	7.5e-156	ardb_1212	pbp2x	80	--	penicillin
smbu08	smbu08GL002099	42.8	1.9e-31	ardb_1877	aac6ia	80	--	isepamicin,netilmicin,tobramycin,amikacin,sisomicin,dibekacin
smbu08	smbu08GL002193	41.0	1.1e-47	ardb_1551	vanrg	80	vang,vansg,vanyg,vanxyg,vantg,vanwg,vanug	vancomycin
smbu08	smbu08GL002439	43.7	4.5e-112	ardb_404	msra	80	--	lincosamide,streptogramin_b,macrolide
smbu08	smbu08GL002483	41.4	3.4e-65	ardb_2606	bcra	80	bcrc	bacitracin
smbu08	smbu08GL002531	46.2	3.1e-55	ardb_1571	vanrg	80	vang,vansg,vanyg,vanxyg,vantg,vanwg,vanug	vancomycin
