claim_id	claim	grade	evidence_file	evidence_summary	allowed_wording	banned_wording
C01	smbu06 与 smbu08 染色体为同一 194 样谱系的近等基因衍生物	A	02_taxonomy/taxonomy_summary.tsv; 02_taxonomy/ani_results.tsv; 03_replicon_compare/chr_difference_summary.tsv	smbu06 染色体与 GCF_056582645.1 字节级相同；smbu08 与其仅差 38,719 bp 缺失 + 1 SNP；ANIb 均 100.00%	near-isogenic derivatives; same 194-like lineage	independent strains; different chromosome backgrounds
C02	共享质粒 128,837 bp 两株完全相同（环状分子层面）	A	03_replicon_compare/identity_hashes.tsv; plasmid_comparison_summary.tsv	规范化 SHA-256 相等 (ce3adc8f…)；BLASTN 并集覆盖 128,837/128,837 bp、identity 100.000%、SNP=0；字节级复算	byte-identical; 0 SNPs/indels	similar; highly conserved (弱化表述亦不必要)
C03	smbu08 缺 38,719 bp 的 PBSX 样可切离元件；连接区为 146 bp 重复（attL/attR 差异 59/146）	A	03_replicon_compare/chr_difference_summary.tsv; att_region_analysis.tsv	字节级分解 A+attL+X'+attR+B；smbu08 连接序列 == attR	38,719-bp PBSX-like excisable element; attL/attR direct repeats	transposon; IS-mediated
C04	元件基因内容符合 PBSX 样可诱导元件（整合酶/末端酶/门户/卷尺/裂解盒）	B	04_plasmidome/annotation/prophage_annotation_full.tsv; phage_module_table.tsv	NR 最佳命中身份 84.8–100%；51 CDS；GC 36.35% vs 38.47%	PBSX-like inducible element	functional prophage (未经诱导实验)
C05	smbu08 中元件以切离态高拷贝复制子存在（Plasmid2 = 38,719 bp 单元串联二聚体，第二拷贝缺 1 个 A）	A	03_replicon_compare/pl2_structure_summary.tsv; 01_assembly_qc/mapping/coverage_deconvolved.tsv	旋转等价/99.997% 自比对/单缺失验证；切离单元 глубины 1,777.6× vs 染色体 430.4×	tandem-dimer replicon of the excised unit; high copy number (4.1–5.0× chromosome depth)	induction occurred (机制未测)
C06	共享质粒携带 enterocin P-like（54 aa，94.4% vs O30434，YGNGV→YDNGI）+ 相邻 Sakacin-A 免疫因子（10 bp 间隔）+ hiracin JM79-like（59.3%）	A(同源)/B(功能注释)	05_bacteriocins/search/candidate_table.tsv; alignment_*.txt; physchem_candidates.tsv	BLASTP 与已知细菌素的对齐级身份与覆盖；motif 扫描	bacteriocin-associated cassette; candidate peptides (homology only)	produces bacteriocins; antimicrobial activity; immunity function proven
C07	模块区相对质粒整体无 MGE 富集；共享质粒无接合元件	A	05_bacteriocins/search/mge_distance_table.tsv; 04_plasmidome/annotation/mge_inventory.tsv	0.32 vs 0.31 MGE/kb；relaxase/Mob/TraG/MPF 检索阴性	no conjugation module detected; not MGE-enriched	lacks mobility (绝对化)
C08	两株均不含 nisin 簇（双层检索，阳性/阴性对照通过）	A	05_bacteriocins/search/nisin_status_matrix.tsv; nisin_control_validation.tsv	F44 对照完整簇；IL1403 未检出；smbu06/08 未检出（仅 ABC 家族弱同源；blastn 零命中）	no nisin locus detected	does not produce nisin (表达未测；但簇缺失为序列事实)
C09	面板中无与共享质粒 ≥80% 覆盖的基因组（唯一全长匹配为 194 参考本身）；最近亲属共享 60.8–67.7% 骨架（96.7–98.5% id）	A	06_public_panel/analysis/pl1_distribution.tsv	全contig查询坐标共线链覆盖/身份；34 株 ≥30%，118 株仅片段/痕迹	no genome carries the exact plasmid; closest relatives share ~61–68% of the backbone	rare plasmid (未定义频率即不用词); common plasmid family (已证不成立)
C10	三个盒基因在 159 株去重面板中 17/9/11 例，显著共现（Fisher OR 24.2, p=1.1e-5；阈值 60/70、80/80 稳定）	A	08_statistics/gene_frequency.tsv; cooccurrence_fisher.tsv	gene_presence_matrix.tsv（三阈值）；Fisher 单侧	present in 10.7%/5.7%/6.9%; significantly co-occurring in this panel	population frequency（面板非随机）
C11	盒基因主要由保留 ≥30% 质粒骨架的基因组携带（15/17、11/11、9/9；另 2 个 enterocin 携带者仅存片段；无携带者完全无质粒命中）	B	08_statistics/plasmid_gene_association.tsv	pl1 分类 × 基因存在交叉表	plasmid-associated cassette	plasmid-encoded in all cases (个别直读证据不完整)
C12	宿主—质粒系统发育不一致/传播方向/时间不可判定	C	claim_audit.tsv（本条）; 07_phylogenomics/trees/plasmid_gene_content*.tsv	面板无完全相同质粒，树间比较不可评估	not evaluable with these data; no transfer direction or timing inferred	recent horizontal transfer; spread between hosts
C13	smbu08 的正式菌种/菌株登记与样本溯源待核验	C	11_manuscript/claim_audit.tsv（本条）	数据身份为 194 样；交付名称不可作结论	formal registration pending; provenance to be reconciled	strain F-119; L. lactis (作为结论)
C14	未检出其他完整 lantibiotic/细菌素新簇；短 ORF 复查无新增候选	A	05_bacteriocins/search/small_orf_screen.tsv; pl1_vs_bacteriocin_refset.tsv	64 个 30–150 aa ORF 复查；refset 命中仅已知同源	new candidate screen negative	no other bacteriocins exist (泛化)
