sample	platform	target	length	mean_depth	breadth_ge1x	breadth_ge10x	frac_below_quarter_meancov
smbu06	illumina	smbu06|Chromosome1	2676906	221.1	100.0	100.0	0.0
smbu06	illumina	smbu06|Plasmid1	128837	244.6	100.0	99.98	0.105
smbu06	illumina	smbu08|Chromosome1	2638187	222.5	100.0	100.0	0.011
smbu06	illumina	smbu08|Plasmid1	128837	245.5	100.0	99.99	0.107
smbu06	illumina	smbu08|Plasmid2	77437	100.5	99.99	99.89	0.346
smbu06	illumina	L_lactis_14B4|NZ_CP028160.1	2579381	0.0	0.02	0.0	99.979
smbu06	illumina	L_lactis_14B4|NZ_CP028161.1	59700	0.0	0.0	0.0	0.0
smbu06	illumina	L_lactis_MG1363|NC_009004.1	2529478	0.0	0.11	0.06	99.891
smbu06	nanopore	smbu06|Chromosome1	2676906	203.4	100.0	100.0	0.0
smbu06	nanopore	smbu06|Plasmid1	128837	220.9	100.0	100.0	1.252
smbu06	nanopore	smbu08|Chromosome1	2638187	199.9	100.0	100.0	0.314
smbu06	nanopore	smbu08|Plasmid1	128837	235.4	100.0	100.0	2.168
smbu06	nanopore	smbu08|Plasmid2	77437	83.8	100.0	97.9	4.096
smbu06	nanopore	L_lactis_14B4|NZ_CP028160.1	2579381	0.0	1.32	0.0	98.676
smbu06	nanopore	L_lactis_14B4|NZ_CP028161.1	59700	0.0	0.0	0.0	0.0
smbu06	nanopore	L_lactis_MG1363|NC_009004.1	2529478	0.0	0.61	0.0	99.385
smbu08	illumina	smbu06|Chromosome1	2676906	220.2	100.0	100.0	0.003
smbu08	illumina	smbu06|Plasmid1	128837	258.7	100.0	99.99	0.109
smbu08	illumina	smbu08|Chromosome1	2638187	210.2	100.0	100.0	0.0
smbu08	illumina	smbu08|Plasmid1	128837	259.1	100.0	99.98	0.116
smbu08	illumina	smbu08|Plasmid2	77437	884.2	100.0	99.99	0.261
smbu08	illumina	L_lactis_14B4|NZ_CP028160.1	2579381	0.0	0.59	0.0	99.408
smbu08	illumina	L_lactis_14B4|NZ_CP028161.1	59700	0.0	0.0	0.0	0.0
smbu08	illumina	L_lactis_MG1363|NC_009004.1	2529478	0.0	0.56	0.07	99.44
smbu08	nanopore	smbu06|Chromosome1	2676906	198.9	100.0	100.0	0.111
smbu08	nanopore	smbu06|Plasmid1	128837	244.4	100.0	100.0	2.711
smbu08	nanopore	smbu08|Chromosome1	2638187	188.7	100.0	100.0	0.0
smbu08	nanopore	smbu08|Plasmid1	128837	241.4	100.0	100.0	2.189
smbu08	nanopore	smbu08|Plasmid2	77437	1065.0	100.0	100.0	5.013
smbu08	nanopore	L_lactis_14B4|NZ_CP028160.1	2579381	0.0	1.19	0.0	98.806
smbu08	nanopore	L_lactis_14B4|NZ_CP028161.1	59700	0.0	0.0	0.0	0.0
smbu08	nanopore	L_lactis_MG1363|NC_009004.1	2529478	0.0	0.77	0.0	99.233
